<?xml version = '1.0' encoding = 'UTF-8'?>
<Relation class="oracle.dbtools.crest.model.design.logical.Relation" name="pet_animaltype" directorySegmentName="seg_0" id="272BA1BA-D4E5-9B01-BD77-BF568DD96222">
<createdBy>zejiaheli</createdBy>
<createdTime>2023-09-13 12:10:18 UTC</createdTime>
<ownerDesignName>pf_oraclemodel</ownerDesignName>
<engineerTo>
<item key="9769E430-2C68-EEC8-D3B4-633D0C59BA46" value="true"/>
</engineerTo>
<sourcePk>C45403FF-209B-A314-713B-24D682632270</sourcePk>
<targetPk>9E3E8DDA-061D-81CE-6EAB-3CB876606EE4</targetPk>
<identifying>false</identifying>
<nameOnSource>Is </nameOnSource>
<nameOnTarget> </nameOnTarget>
<optionalSource>false</optionalSource>
<optionalTarget>false</optionalTarget>
<sourceCardinality>*</sourceCardinality>
<sourceEntity>60D49A1C-D579-4C8C-0437-56165BD40F7B</sourceEntity>
<targetCardinalityString>1</targetCardinalityString>
<targetEntity>B2B8BDDA-956D-0D3E-DE89-7D988336BB6C</targetEntity>
<transferable>true</transferable>
<deleteRule>NO ACTION</deleteRule>
</Relation>
