<?xml version = '1.0' encoding = 'UTF-8'?>
<Relation class="oracle.dbtools.crest.model.design.logical.Relation" name="VISIT_PRSC" directorySegmentName="seg_0" id="74880C0D-DA6F-F46E-19CA-874F873CF6B9">
<createdBy>ariar</createdBy>
<createdTime>2023-09-13 10:55:48 UTC</createdTime>
<ownerDesignName>pf_oraclemodel</ownerDesignName>
<engineerTo>
<item key="9769E430-2C68-EEC8-D3B4-633D0C59BA46" value="true"/>
</engineerTo>
<sourcePk>707A9355-411F-43D7-0C17-FBAD4EEA3A17</sourcePk>
<identifying>false</identifying>
<nameOnSource>prescribes</nameOnSource>
<nameOnTarget> </nameOnTarget>
<optionalSource>true</optionalSource>
<optionalTarget>false</optionalTarget>
<sourceCardinality>1</sourceCardinality>
<sourceEntity>6E045CDD-FCFB-FEB8-6BB4-E194764784AF</sourceEntity>
<targetCardinalityString>*</targetCardinalityString>
<targetEntity>EB8E6C66-C4E5-EAE0-42D4-D05DFFFAF87F</targetEntity>
<transferable>true</transferable>
<deleteRule>NO ACTION</deleteRule>
</Relation>
