<?xml version = '1.0' encoding = 'UTF-8'?>
<Relation class="oracle.dbtools.crest.model.design.logical.Relation" name="VET_CLINIC" directorySegmentName="seg_0" id="8794866C-7597-3933-C464-D2D7DCF0890F">
<createdBy>Dazza</createdBy>
<createdTime>2023-09-13 07:24:25 UTC</createdTime>
<ownerDesignName>pf_oraclemodel</ownerDesignName>
<engineerTo>
<item key="9769E430-2C68-EEC8-D3B4-633D0C59BA46" value="true"/>
</engineerTo>
<sourcePk>77EDCB45-EA9E-6968-3B9A-B933B162EEFD</sourcePk>
<identifying>false</identifying>
<nameOnSource>based at</nameOnSource>
<nameOnTarget> </nameOnTarget>
<optionalSource>false</optionalSource>
<optionalTarget>false</optionalTarget>
<sourceCardinality>1</sourceCardinality>
<sourceEntity>79E269A3-33E6-A377-89DC-33D1582268B1</sourceEntity>
<targetCardinalityString>*</targetCardinalityString>
<targetEntity>2A6FFC52-31C7-5F46-B390-CA58C4447FC1</targetEntity>
<transferable>true</transferable>
<deleteRule>NO ACTION</deleteRule>
</Relation>
