<?xml version = '1.0' encoding = 'UTF-8'?>
<Relation class="oracle.dbtools.crest.model.design.logical.Relation" name="trn_trnstatus" directorySegmentName="seg_0" id="8F1E0893-A0FD-63A7-4493-2A750FAD1019">
<createdBy>zejiaheli</createdBy>
<createdTime>2023-09-13 11:57:13 UTC</createdTime>
<ownerDesignName>pf_oraclemodel</ownerDesignName>
<engineerTo>
<item key="9769E430-2C68-EEC8-D3B4-633D0C59BA46" value="true"/>
</engineerTo>
<sourcePk>5AE31ACC-F94A-E3F0-14A5-BB8CC8656DA6</sourcePk>
<identifying>false</identifying>
<nameOnSource>produce </nameOnSource>
<nameOnTarget> </nameOnTarget>
<optionalSource>true</optionalSource>
<optionalTarget>false</optionalTarget>
<sourceCardinality>1</sourceCardinality>
<sourceEntity>73ECDFD9-D8B8-18C2-7ECA-0131A91C6A2A</sourceEntity>
<targetCardinalityString>*</targetCardinalityString>
<targetEntity>FC39DB7B-F9CF-402E-0200-08074509B002</targetEntity>
<transferable>true</transferable>
<deleteRule>NO ACTION</deleteRule>
</Relation>
