<?xml version = '1.0' encoding = 'UTF-8'?>
<Relation class="oracle.dbtools.crest.model.design.logical.Relation" name="visit_drug" directorySegmentName="seg_0" id="A9FE32D0-D8F4-1431-80EE-27D1E41B681A">
<createdBy>zejiaheli</createdBy>
<createdTime>2023-09-13 12:08:28 UTC</createdTime>
<ownerDesignName>pf_oraclemodel</ownerDesignName>
<engineerTo>
<item key="9769E430-2C68-EEC8-D3B4-633D0C59BA46" value="true"/>
</engineerTo>
<sourcePk>707A9355-411F-43D7-0C17-FBAD4EEA3A17</sourcePk>
<identifying>false</identifying>
<nameOnSource>contains</nameOnSource>
<nameOnTarget> </nameOnTarget>
<optionalSource>true</optionalSource>
<optionalTarget>false</optionalTarget>
<sourceCardinality>1</sourceCardinality>
<sourceEntity>6E045CDD-FCFB-FEB8-6BB4-E194764784AF</sourceEntity>
<targetCardinalityString>*</targetCardinalityString>
<targetEntity>7047A1F3-8DE7-A424-DDEE-8AD3EBB4C388</targetEntity>
<transferable>true</transferable>
<deleteRule>NO ACTION</deleteRule>
</Relation>
