<?xml version = '1.0' encoding = 'UTF-8'?>
<Relation class="oracle.dbtools.crest.model.design.logical.Relation" name="CLINIC_VISIT" directorySegmentName="seg_0" id="C7BDE7E5-52C2-80F3-0A15-E91985FF7405">
<createdBy>ariar</createdBy>
<createdTime>2023-09-13 10:40:49 UTC</createdTime>
<ownerDesignName>pf_oraclemodel</ownerDesignName>
<engineerTo>
<item key="9769E430-2C68-EEC8-D3B4-633D0C59BA46" value="true"/>
</engineerTo>
<sourcePk>77EDCB45-EA9E-6968-3B9A-B933B162EEFD</sourcePk>
<identifying>true</identifying>
<nameOnSource>hosts</nameOnSource>
<nameOnTarget> </nameOnTarget>
<optionalSource>true</optionalSource>
<optionalTarget>false</optionalTarget>
<sourceCardinality>1</sourceCardinality>
<sourceEntity>79E269A3-33E6-A377-89DC-33D1582268B1</sourceEntity>
<targetCardinalityString>*</targetCardinalityString>
<targetEntity>6E045CDD-FCFB-FEB8-6BB4-E194764784AF</targetEntity>
<transferable>true</transferable>
<deleteRule>NO ACTION</deleteRule>
</Relation>
