<?xml version = '1.0' encoding = 'UTF-8'?>
<Relation class="oracle.dbtools.crest.model.design.logical.Relation" name="Relation_12" directorySegmentName="seg_0" id="DF769591-0E4A-CDAC-8749-056FA0041BE2">
<createdBy>zejiaheli</createdBy>
<createdTime>2023-09-13 11:52:25 UTC</createdTime>
<ownerDesignName>pf_oraclemodel</ownerDesignName>
<engineerTo>
<item key="9769E430-2C68-EEC8-D3B4-633D0C59BA46" value="true"/>
</engineerTo>
<sourcePk>754ED87A-1F0D-40D0-545E-07C617D73BB3</sourcePk>
<identifying>false</identifying>
<nameOnSource>marks</nameOnSource>
<nameOnTarget> </nameOnTarget>
<optionalSource>true</optionalSource>
<optionalTarget>false</optionalTarget>
<sourceCardinality>1</sourceCardinality>
<sourceEntity>2A6FFC52-31C7-5F46-B390-CA58C4447FC1</sourceEntity>
<targetCardinalityString>1</targetCardinalityString>
<targetEntity>FC39DB7B-F9CF-402E-0200-08074509B002</targetEntity>
<transferable>true</transferable>
<deleteRule>NO ACTION</deleteRule>
</Relation>
