<?xml version = '1.0' encoding = 'UTF-8'?>
<Relation class="oracle.dbtools.crest.model.design.logical.Relation" name="vet_visit" directorySegmentName="seg_0" id="E12804AC-0AFF-5BEC-F517-62EE54939A86">
<createdBy>zejiaheli</createdBy>
<createdTime>2023-09-13 11:54:01 UTC</createdTime>
<ownerDesignName>pf_oraclemodel</ownerDesignName>
<engineerTo>
<item key="9769E430-2C68-EEC8-D3B4-633D0C59BA46" value="true"/>
</engineerTo>
<sourcePk>754ED87A-1F0D-40D0-545E-07C617D73BB3</sourcePk>
<targetPk>707A9355-411F-43D7-0C17-FBAD4EEA3A17</targetPk>
<identifying>false</identifying>
<nameOnSource>attends to </nameOnSource>
<nameOnTarget> </nameOnTarget>
<optionalSource>true</optionalSource>
<optionalTarget>false</optionalTarget>
<sourceCardinality>1</sourceCardinality>
<sourceEntity>2A6FFC52-31C7-5F46-B390-CA58C4447FC1</sourceEntity>
<targetCardinalityString>*</targetCardinalityString>
<targetEntity>6E045CDD-FCFB-FEB8-6BB4-E194764784AF</targetEntity>
<transferable>true</transferable>
<deleteRule>NO ACTION</deleteRule>
</Relation>
