<?xml version = '1.0' encoding = 'UTF-8'?>
<Relation class="oracle.dbtools.crest.model.design.logical.Relation" name="trninstr_trn" directorySegmentName="seg_0" id="EF43D864-76B4-736B-5ACF-416CD5FA93AF">
<createdBy>Dazza</createdBy>
<createdTime>2023-09-13 13:03:35 UTC</createdTime>
<ownerDesignName>pf_oraclemodel</ownerDesignName>
<engineerTo>
<item key="9769E430-2C68-EEC8-D3B4-633D0C59BA46" value="true"/>
</engineerTo>
<targetPk>49CADF0A-DB1C-C07B-7A72-816AB6C56F06</targetPk>
<identifying>false</identifying>
<nameOnSource>provides</nameOnSource>
<nameOnTarget> </nameOnTarget>
<optionalSource>false</optionalSource>
<optionalTarget>false</optionalTarget>
<sourceCardinality>*</sourceCardinality>
<sourceEntity>73ECDFD9-D8B8-18C2-7ECA-0131A91C6A2A</sourceEntity>
<targetCardinalityString>1</targetCardinalityString>
<targetEntity>F729A65C-DD48-23FF-735D-D4A63EC989E8</targetEntity>
<transferable>true</transferable>
<deleteRule>NO ACTION</deleteRule>
</Relation>
