<?xml version = '1.0' encoding = 'UTF-8'?>
<Diagram class="oracle.dbtools.crest.swingui.relational.DPVRelational" name="Relational_1" id="3EB7F439-57F0-E0C2-6237-8DBDC39DD701">
<createdBy>Dazza</createdBy>
<modifiedBy>Dazza</modifiedBy>
<createdTime>2023-09-13 07:04:07 UTC</createdTime>
<autoRoute>false</autoRoute>
<boxInbox>true</boxInbox>
<showLegend>false</showLegend>
<showLabels>false</showLabels>
<showRelAttributes>false</showRelAttributes>
<gridEnabled>false</gridEnabled>
<showGrid>false</showGrid>
<diagramColor>-1</diagramColor>
<display>false</display>
<notation>1</notation>
<objectViews>
<OView class="oracle.dbtools.crest.swingui.relational.TVTable" oid="16BDBD0F-3B8D-56C0-7E37-A7221EC60418" otype="Table" vid="CF866C54-1648-FA2B-9E2E-56C87A11C8B4">
<hideElementsInCurrentOnly>false</hideElementsInCurrentOnly>
<bounds x="1081" y="619" width="165" height="120"/>
</OView>
<OView class="oracle.dbtools.crest.swingui.relational.TVTable" oid="28F49ADE-A318-1EBF-9403-0CFD658C69B6" otype="Table" vid="18027BB7-454B-5600-FCCD-E6A41D9A74F9">
<hideElementsInCurrentOnly>false</hideElementsInCurrentOnly>
<bounds x="317" y="1224" width="142" height="114"/>
</OView>
<OView class="oracle.dbtools.crest.swingui.relational.TVTable" oid="2A0A8A9A-4DB2-9E29-8E77-431E664BF399" otype="Table" vid="D79C7B9B-87B2-67AA-2BF5-59D834B45649">
<hideElementsInCurrentOnly>false</hideElementsInCurrentOnly>
<bounds x="488" y="242" width="207" height="119"/>
</OView>
<OView class="oracle.dbtools.crest.swingui.relational.TVTable" oid="455FFCBE-EBB0-D376-DCEC-A89630537A63" otype="Table" vid="CEEDBC67-D503-A61F-E5CB-C1E1FB2A1E6E">
<hideElementsInCurrentOnly>false</hideElementsInCurrentOnly>
<bounds x="792" y="871" width="119" height="156"/>
</OView>
<OView class="oracle.dbtools.crest.swingui.relational.TVTable" oid="6FC07FF6-79BF-8B31-9B1B-4DBA44BEE307" otype="Table" vid="8EE514F1-CC96-F9A7-4DC7-8B5AFFE90786">
<hideElementsInCurrentOnly>false</hideElementsInCurrentOnly>
<bounds x="763" y="618" width="153" height="137"/>
</OView>
<OView class="oracle.dbtools.crest.swingui.relational.TVTable" oid="715C20BB-2859-9AA2-1414-97B81CACF0E5" otype="Table" vid="3159DD8C-59D7-23E4-A041-79AB1FCBF8B0">
<hideElementsInCurrentOnly>false</hideElementsInCurrentOnly>
<bounds x="841" y="201" width="167" height="116"/>
</OView>
<OView class="oracle.dbtools.crest.swingui.relational.TVTable" oid="7503137B-962B-4968-3AD6-524A2D9B0BCF" otype="Table" vid="9C23C67B-B8C5-893D-45B6-355F064BCE3A">
<hideElementsInCurrentOnly>false</hideElementsInCurrentOnly>
<bounds x="1045" y="338" width="191" height="117"/>
</OView>
<OView class="oracle.dbtools.crest.swingui.relational.TVTable" oid="83C1672B-4C30-D268-A5AE-54FDAD25DE11" otype="Table" vid="1BE6FACB-659A-572B-900C-CD249D2DE03F">
<hideElementsInCurrentOnly>false</hideElementsInCurrentOnly>
<bounds x="92" y="580" width="170" height="110"/>
</OView>
<OView class="oracle.dbtools.crest.swingui.relational.TVTable" oid="86A75FE6-73AF-D690-2BD2-BD663FC741B0" otype="Table" vid="07F22CCA-9FA9-A971-6462-24A1EB70BFCE">
<hideElementsInCurrentOnly>false</hideElementsInCurrentOnly>
<bounds x="505" y="636" width="140" height="118"/>
</OView>
<OView class="oracle.dbtools.crest.swingui.relational.TVTable" oid="87D55FE3-E680-9E6E-CC9D-8402DB625AB9" otype="Table" vid="46026CAF-EC58-A49A-39D1-A4655AD57112">
<hideElementsInCurrentOnly>false</hideElementsInCurrentOnly>
<bounds x="71" y="1108" width="173" height="127"/>
</OView>
<OView class="oracle.dbtools.crest.swingui.relational.TVTable" oid="8D199B24-A23A-9BF8-A9BB-8B1FA8A095E1" otype="Table" vid="2795C6F1-BC97-B9AE-3466-1EB24A941609">
<hideElementsInCurrentOnly>false</hideElementsInCurrentOnly>
<bounds x="1291" y="480" width="170" height="110"/>
</OView>
<OView class="oracle.dbtools.crest.swingui.relational.TVTable" oid="95DB344D-F5CF-90C8-FB79-326DA60976CA" otype="Table" vid="93839DDF-9B72-6B86-7E0D-7EAAB5B22D2F">
<hideElementsInCurrentOnly>false</hideElementsInCurrentOnly>
<bounds x="135" y="627" width="208" height="141"/>
</OView>
<OView class="oracle.dbtools.crest.swingui.relational.TVTable" oid="CB1F020F-4574-3641-5AFD-B6A0CB2C9215" otype="Table" vid="BFD60778-9041-F8E2-BF3C-1A07C76FBF07">
<hideElementsInCurrentOnly>false</hideElementsInCurrentOnly>
<bounds x="548" y="1015" width="166" height="147"/>
</OView>
<OView class="oracle.dbtools.crest.swingui.relational.TVTable" oid="D2BFFB87-9B14-2017-DD83-0273B1102F21" otype="Table" vid="10F94EC3-9122-AA7A-3980-A506F3190A99">
<hideElementsInCurrentOnly>false</hideElementsInCurrentOnly>
<bounds x="782" y="1134" width="122" height="135"/>
</OView>
<OView class="oracle.dbtools.crest.swingui.relational.TVTable" oid="E46E4D1D-016A-72FB-B27C-D260F469F5BF" otype="Table" vid="2B94A050-1710-2065-AA69-E256AFEAE973">
<hideElementsInCurrentOnly>false</hideElementsInCurrentOnly>
<bounds x="1078" y="893" width="144" height="116"/>
</OView>
<OView class="oracle.dbtools.crest.swingui.relational.TVTable" oid="FD53A89A-3854-283C-E9FC-C82C7A351227" otype="Table" vid="CB5C2699-BFDC-5E9B-60CE-B0651C827AEC">
<hideElementsInCurrentOnly>false</hideElementsInCurrentOnly>
<bounds x="293" y="933" width="150" height="117"/>
</OView>
</objectViews>
<connectors>
<Connector class="oracle.dbtools.crest.swingui.relational.TVFKRelation" oid="01A7A382-AAF6-6D97-C942-6E2163091B79" otype="FKIndexAssociation" vid_source="8EE514F1-CC96-F9A7-4DC7-8B5AFFE90786" vid_target="9C23C67B-B8C5-893D-45B6-355F064BCE3A">
<hideElementsInCurrentOnly>false</hideElementsInCurrentOnly>
<backgroundColor>-16777216</backgroundColor>
<lineWidth>1</lineWidth>
<points>
<point x="903" y="618"/>
<point x="903" y="421"/>
<point x="1045" y="421"/>
</points>
</Connector>
<Connector class="oracle.dbtools.crest.swingui.relational.TVFKRelation" oid="1C2A3A5E-BAFE-1CEA-C108-2974FB3E52B8" otype="FKIndexAssociation" vid_source="18027BB7-454B-5600-FCCD-E6A41D9A74F9" vid_target="1BE6FACB-659A-572B-900C-CD249D2DE03F">
<hideElementsInCurrentOnly>false</hideElementsInCurrentOnly>
<backgroundColor>-16777216</backgroundColor>
<lineWidth>1</lineWidth>
<points>
<point x="369" y="1224"/>
<point x="194" y="690"/>
</points>
</Connector>
<Connector class="oracle.dbtools.crest.swingui.relational.TVFKRelation" oid="20BA2778-F8EE-25FB-A589-4F479E9AE1F2" otype="FKIndexAssociation" vid_source="07F22CCA-9FA9-A971-6462-24A1EB70BFCE" vid_target="BFD60778-9041-F8E2-BF3C-1A07C76FBF07">
<hideElementsInCurrentOnly>false</hideElementsInCurrentOnly>
<backgroundColor>-16777216</backgroundColor>
<lineWidth>1</lineWidth>
<points>
<point x="594" y="754"/>
<point x="596" y="1015"/>
</points>
</Connector>
<Connector class="oracle.dbtools.crest.swingui.relational.TVFKRelation" oid="2E6A6595-A53B-9D5A-B71D-3F58EFFCA919" otype="FKIndexAssociation" vid_source="07F22CCA-9FA9-A971-6462-24A1EB70BFCE" vid_target="93839DDF-9B72-6B86-7E0D-7EAAB5B22D2F">
<hideElementsInCurrentOnly>false</hideElementsInCurrentOnly>
<backgroundColor>-16777216</backgroundColor>
<lineWidth>1</lineWidth>
<points>
<point x="505" y="695"/>
<point x="343" y="695"/>
</points>
</Connector>
<Connector class="oracle.dbtools.crest.swingui.relational.TVFKRelation" oid="33ED2DDC-E814-8556-AF97-FF747877596C" otype="FKIndexAssociation" vid_source="93839DDF-9B72-6B86-7E0D-7EAAB5B22D2F" vid_target="8EE514F1-CC96-F9A7-4DC7-8B5AFFE90786">
<hideElementsInCurrentOnly>false</hideElementsInCurrentOnly>
<backgroundColor>-16777216</backgroundColor>
<lineWidth>1</lineWidth>
<points>
<point x="290" y="627"/>
<point x="290" y="512"/>
<point x="783" y="514"/>
<point x="783" y="618"/>
</points>
</Connector>
<Connector class="oracle.dbtools.crest.swingui.relational.TVFKRelation" oid="36A7F9F6-D8C9-0A83-694F-D961735EA488" otype="FKIndexAssociation" vid_source="8EE514F1-CC96-F9A7-4DC7-8B5AFFE90786" vid_target="CF866C54-1648-FA2B-9E2E-56C87A11C8B4">
<hideElementsInCurrentOnly>false</hideElementsInCurrentOnly>
<backgroundColor>-16777216</backgroundColor>
<lineWidth>1</lineWidth>
<points>
<point x="916" y="679"/>
<point x="1081" y="679"/>
</points>
</Connector>
<Connector class="oracle.dbtools.crest.swingui.relational.TVFKRelation" oid="3BEBA7C4-56CC-91DC-8F6F-B6BAC9A56E95" otype="FKIndexAssociation" vid_source="3159DD8C-59D7-23E4-A041-79AB1FCBF8B0" vid_target="9C23C67B-B8C5-893D-45B6-355F064BCE3A">
<hideElementsInCurrentOnly>false</hideElementsInCurrentOnly>
<backgroundColor>-16777216</backgroundColor>
<lineWidth>1</lineWidth>
<points>
<point x="1008" y="260"/>
<point x="1134" y="260"/>
<point x="1134" y="338"/>
</points>
</Connector>
<Connector class="oracle.dbtools.crest.swingui.relational.TVFKRelation" oid="44406BDE-EED8-6BD8-5CD9-9BFD21C3D2A9" otype="FKIndexAssociation" vid_source="3159DD8C-59D7-23E4-A041-79AB1FCBF8B0" vid_target="D79C7B9B-87B2-67AA-2BF5-59D834B45649">
<hideElementsInCurrentOnly>false</hideElementsInCurrentOnly>
<backgroundColor>-16777216</backgroundColor>
<lineWidth>1</lineWidth>
<points>
<point x="841" y="266"/>
<point x="707" y="266"/>
<point x="695" y="266"/>
</points>
</Connector>
<Connector class="oracle.dbtools.crest.swingui.relational.TVFKRelation" oid="4E61367A-1005-6862-519B-C3FC57C38800" otype="FKIndexAssociation" vid_source="BFD60778-9041-F8E2-BF3C-1A07C76FBF07" vid_target="46026CAF-EC58-A49A-39D1-A4655AD57112">
<hideElementsInCurrentOnly>false</hideElementsInCurrentOnly>
<backgroundColor>-16777216</backgroundColor>
<lineWidth>1</lineWidth>
<points>
<point x="548" y="1135"/>
<point x="244" y="1135"/>
</points>
</Connector>
<Connector class="oracle.dbtools.crest.swingui.relational.TVFKRelation" oid="6D3B16B7-EEB3-FA15-95EF-CB9155A7049D" otype="FKIndexAssociation" vid_source="2B94A050-1710-2065-AA69-E256AFEAE973" vid_target="CEEDBC67-D503-A61F-E5CB-C1E1FB2A1E6E">
<hideElementsInCurrentOnly>false</hideElementsInCurrentOnly>
<backgroundColor>-16777216</backgroundColor>
<lineWidth>1</lineWidth>
<points>
<point x="1078" y="951"/>
<point x="911" y="951"/>
</points>
</Connector>
<Connector class="oracle.dbtools.crest.swingui.relational.TVFKRelation" oid="72434D44-CEB9-0223-0683-9DA674D6B778" otype="FKIndexAssociation" vid_source="CB5C2699-BFDC-5E9B-60CE-B0651C827AEC" vid_target="1BE6FACB-659A-572B-900C-CD249D2DE03F">
<hideElementsInCurrentOnly>false</hideElementsInCurrentOnly>
<backgroundColor>-16777216</backgroundColor>
<lineWidth>1</lineWidth>
<points>
<point x="336" y="933"/>
<point x="206" y="690"/>
</points>
</Connector>
<Connector class="oracle.dbtools.crest.swingui.relational.TVFKRelation" oid="7AA235E3-849C-C624-CF03-6DC197A95154" otype="FKIndexAssociation" vid_source="93839DDF-9B72-6B86-7E0D-7EAAB5B22D2F" vid_target="46026CAF-EC58-A49A-39D1-A4655AD57112">
<hideElementsInCurrentOnly>false</hideElementsInCurrentOnly>
<backgroundColor>-16777216</backgroundColor>
<lineWidth>1</lineWidth>
<points>
<point x="189" y="768"/>
<point x="208" y="1108"/>
</points>
</Connector>
<Connector class="oracle.dbtools.crest.swingui.relational.TVFKRelation" oid="80753329-75E4-BED4-849A-7EEB4105D2D4" otype="FKIndexAssociation" vid_source="07F22CCA-9FA9-A971-6462-24A1EB70BFCE" vid_target="8EE514F1-CC96-F9A7-4DC7-8B5AFFE90786">
<hideElementsInCurrentOnly>false</hideElementsInCurrentOnly>
<backgroundColor>-16777216</backgroundColor>
<lineWidth>1</lineWidth>
<points>
<point x="645" y="695"/>
<point x="763" y="695"/>
</points>
</Connector>
<Connector class="oracle.dbtools.crest.swingui.relational.TVFKRelation" oid="87F77E37-A09F-AA1E-A2A7-430FB4C7D127" otype="FKIndexAssociation" vid_source="18027BB7-454B-5600-FCCD-E6A41D9A74F9" vid_target="BFD60778-9041-F8E2-BF3C-1A07C76FBF07">
<hideElementsInCurrentOnly>false</hideElementsInCurrentOnly>
<backgroundColor>-16777216</backgroundColor>
<lineWidth>1</lineWidth>
<points>
<point x="459" y="1299"/>
<point x="627" y="1299"/>
<point x="627" y="1162"/>
</points>
</Connector>
<Connector class="oracle.dbtools.crest.swingui.relational.TVFKRelation" oid="8B51E568-5CAD-A7F3-4544-0EEC3C2C835F" otype="FKIndexAssociation" vid_source="93839DDF-9B72-6B86-7E0D-7EAAB5B22D2F" vid_target="CB5C2699-BFDC-5E9B-60CE-B0651C827AEC">
<hideElementsInCurrentOnly>false</hideElementsInCurrentOnly>
<backgroundColor>-16777216</backgroundColor>
<lineWidth>1</lineWidth>
<points>
<point x="318" y="768"/>
<point x="310" y="933"/>
</points>
</Connector>
<Connector class="oracle.dbtools.crest.swingui.relational.TVFKRelation" oid="99C3E2E8-22D4-820D-8C60-01868CCE3583" otype="FKIndexAssociation" vid_source="8EE514F1-CC96-F9A7-4DC7-8B5AFFE90786" vid_target="D79C7B9B-87B2-67AA-2BF5-59D834B45649">
<hideElementsInCurrentOnly>false</hideElementsInCurrentOnly>
<backgroundColor>-16777216</backgroundColor>
<lineWidth>1</lineWidth>
<points>
<point x="819" y="618"/>
<point x="819" y="320"/>
<point x="695" y="320"/>
</points>
</Connector>
<Connector class="oracle.dbtools.crest.swingui.relational.TVFKRelation" oid="BB6F1532-6598-EEA4-5037-B35159DF5A3F" otype="FKIndexAssociation" vid_source="CEEDBC67-D503-A61F-E5CB-C1E1FB2A1E6E" vid_target="8EE514F1-CC96-F9A7-4DC7-8B5AFFE90786">
<hideElementsInCurrentOnly>false</hideElementsInCurrentOnly>
<backgroundColor>-16777216</backgroundColor>
<lineWidth>1</lineWidth>
<points>
<point x="846" y="871"/>
<point x="851" y="755"/>
</points>
</Connector>
<Connector class="oracle.dbtools.crest.swingui.relational.TVFKRelation" oid="C40A24A1-5373-1ECE-0B88-F44D04C96B0F" otype="FKIndexAssociation" vid_source="10F94EC3-9122-AA7A-3980-A506F3190A99" vid_target="CEEDBC67-D503-A61F-E5CB-C1E1FB2A1E6E">
<hideElementsInCurrentOnly>false</hideElementsInCurrentOnly>
<backgroundColor>-16777216</backgroundColor>
<lineWidth>1</lineWidth>
<points>
<point x="851" y="1134"/>
<point x="848" y="1027"/>
</points>
</Connector>
<Connector class="oracle.dbtools.crest.swingui.relational.TVFKRelation" oid="CF26A84E-AA08-CC91-92E5-CE8748A93D25" otype="FKIndexAssociation" vid_source="9C23C67B-B8C5-893D-45B6-355F064BCE3A" vid_target="2795C6F1-BC97-B9AE-3466-1EB24A941609">
<hideElementsInCurrentOnly>false</hideElementsInCurrentOnly>
<backgroundColor>-16777216</backgroundColor>
<lineWidth>1</lineWidth>
<points>
<point x="1236" y="452"/>
<point x="1291" y="485"/>
</points>
</Connector>
<Connector class="oracle.dbtools.crest.swingui.relational.TVFKRelation" oid="E874AB99-703D-56C9-9700-6D8C955C8E07" otype="FKIndexAssociation" vid_source="8EE514F1-CC96-F9A7-4DC7-8B5AFFE90786" vid_target="3159DD8C-59D7-23E4-A041-79AB1FCBF8B0">
<hideElementsInCurrentOnly>false</hideElementsInCurrentOnly>
<backgroundColor>-16777216</backgroundColor>
<lineWidth>1</lineWidth>
<points>
<point x="878" y="618"/>
<point x="878" y="317"/>
</points>
</Connector>
<Connector class="oracle.dbtools.crest.swingui.relational.TVFKRelation" oid="F5EADDD2-C6F2-836A-8083-110E4C368B32" otype="FKIndexAssociation" vid_source="3159DD8C-59D7-23E4-A041-79AB1FCBF8B0" vid_target="8EE514F1-CC96-F9A7-4DC7-8B5AFFE90786">
<hideElementsInCurrentOnly>false</hideElementsInCurrentOnly>
<backgroundColor>-16777216</backgroundColor>
<lineWidth>1</lineWidth>
<points>
<point x="878" y="317"/>
<point x="878" y="618"/>
</points>
</Connector>
<Connector class="oracle.dbtools.crest.swingui.relational.TVFKRelation" oid="FF4F9EAC-16B2-F5CD-3D8A-51223C368391" otype="FKIndexAssociation" vid_source="CF866C54-1648-FA2B-9E2E-56C87A11C8B4" vid_target="2795C6F1-BC97-B9AE-3466-1EB24A941609">
<hideElementsInCurrentOnly>false</hideElementsInCurrentOnly>
<backgroundColor>-16777216</backgroundColor>
<lineWidth>1</lineWidth>
<points>
<point x="1246" y="623"/>
<point x="1294" y="590"/>
</points>
</Connector>
</connectors>
</Diagram>
