<?xml version = '1.0' encoding = 'UTF-8'?>
<Table class="oracle.dbtools.crest.model.design.relational.Table" directorySegmentName="seg_0" id="455FFCBE-EBB0-D376-DCEC-A89630537A63" name="Pet">
<createdBy>Dazza</createdBy>
<createdTime>2023-09-13 14:06:07 UTC</createdTime>
<generatorID>60D49A1C-D579-4C8C-0437-56165BD40F7B</generatorID>
<ownerDesignName>pf_oraclemodel</ownerDesignName>
<allowColumnReorder>false</allowColumnReorder>
<existDependencyGenerateInDDl>true</existDependencyGenerateInDDl>
<parsed>true</parsed>
<columns itemClass="oracle.dbtools.crest.model.design.relational.Column">
<Column name="pet_id" id="559B4FD5-879B-F17C-DD20-542F2EB628B9">
<createdBy>Dazza</createdBy>
<createdTime>2023-09-13 14:06:07 UTC</createdTime>
<commentInRDBMS><![CDATA[pet id]]></commentInRDBMS>
<generatorID>F0B57880-79AA-48DC-B53E-5C4E7AFE5C8E</generatorID>
<ownerDesignName>pf_oraclemodel</ownerDesignName>
<useDomainConstraints>false</useDomainConstraints>
<use>1</use>
<logicalDatatype>LOGDT019</logicalDatatype>
<dataTypeScale>10</dataTypeScale>
<ownDataTypeParameters>,,10</ownDataTypeParameters>
<autoIncrementCycle>false</autoIncrementCycle>
</Column>
<Column name="pet_name" id="5337BBAA-1B7D-F8D9-E9C2-A694098FC3BA">
<createdBy>Dazza</createdBy>
<createdTime>2023-09-13 14:06:07 UTC</createdTime>
<commentInRDBMS><![CDATA[animal name]]></commentInRDBMS>
<generatorID>47D1C112-146A-D700-6162-C4B48335C0EB</generatorID>
<ownerDesignName>pf_oraclemodel</ownerDesignName>
<useDomainConstraints>false</useDomainConstraints>
<use>1</use>
<logicalDatatype>LOGDT024</logicalDatatype>
<dataTypeSize>50 CHAR</dataTypeSize>
<ownDataTypeParameters>50 CHAR,,</ownDataTypeParameters>
<autoIncrementCycle>false</autoIncrementCycle>
</Column>
<Column name="pet_dob" id="E75DE112-22C8-EF5E-CA08-368D45B20315">
<createdBy>Dazza</createdBy>
<createdTime>2023-09-13 14:06:07 UTC</createdTime>
<commentInRDBMS><![CDATA[animal date of birth]]></commentInRDBMS>
<generatorID>843C8EE0-11AB-0A86-AD12-EB4434141968</generatorID>
<ownerDesignName>pf_oraclemodel</ownerDesignName>
<useDomainConstraints>false</useDomainConstraints>
<use>1</use>
<logicalDatatype>LOGDT007</logicalDatatype>
<ownDataTypeParameters>,,</ownDataTypeParameters>
<autoIncrementCycle>false</autoIncrementCycle>
</Column>
<Column name="pet_type" id="3D5CD1C4-C95C-77DD-7603-809B0DE73637">
<createdBy>Dazza</createdBy>
<createdTime>2023-09-13 14:06:07 UTC</createdTime>
<commentInRDBMS><![CDATA[animal type]]></commentInRDBMS>
<generatorID>48965E1E-5511-226B-6236-2B0BDE5A410A</generatorID>
<ownerDesignName>pf_oraclemodel</ownerDesignName>
<useDomainConstraints>false</useDomainConstraints>
<use>1</use>
<logicalDatatype>LOGDT024</logicalDatatype>
<dataTypeSize>10 CHAR</dataTypeSize>
<ownDataTypeParameters>10 CHAR,,</ownDataTypeParameters>
<autoIncrementCycle>false</autoIncrementCycle>
</Column>
<Column name="owner_id" id="814E9596-17FE-9C2D-BC2E-07B7BB5E7AB5">
<createdBy>Dazza</createdBy>
<createdTime>2023-09-13 14:06:07 UTC</createdTime>
<commentInRDBMS><![CDATA[owner id]]></commentInRDBMS>
<generatorID>254C57B0-25CE-D39A-8B2D-4C0D2EA987C2</generatorID>
<ownerDesignName>pf_oraclemodel</ownerDesignName>
<useDomainConstraints>false</useDomainConstraints>
<use>1</use>
<logicalDatatype>LOGDT019</logicalDatatype>
<dataTypeScale>10</dataTypeScale>
<ownDataTypeParameters>,,</ownDataTypeParameters>
<previousColumn>false</previousColumn>
<autoIncrementCycle>false</autoIncrementCycle>
<associations>
<colAssociation fkAssociation="C40A24A1-5373-1ECE-0B88-F44D04C96B0F" referredColumn="A47F61EA-6BE5-6BE5-BD23-7F6F3EF8B10C"/>
</associations>
</Column>
<Column name="pet_status" id="B3934337-72E5-3418-A412-768FD24B6BDB">
<createdBy>Dazza</createdBy>
<createdTime>2023-09-13 14:06:07 UTC</createdTime>
<commentInRDBMS><![CDATA[pet status (whether it's dead or alive)]]></commentInRDBMS>
<generatorID>8D672B1D-2E68-4274-9CDB-6C53C0589DBE</generatorID>
<ownerDesignName>pf_oraclemodel</ownerDesignName>
<constraintName>chk_petstatus</constraintName>
<useDomainConstraints>false</useDomainConstraints>
<use>1</use>
<logicalDatatype>LOGDT024</logicalDatatype>
<dataTypeSize>50 CHAR</dataTypeSize>
<listOfValues>
<valueDef value="A" description="alive"/>
<valueDef value="D" description="dead"/>
</listOfValues>
<ownDataTypeParameters>50 CHAR,,</ownDataTypeParameters>
<autoIncrementCycle>false</autoIncrementCycle>
</Column>
<Column name="animal_typeid" id="917FFCE6-3C87-56F9-ACE3-4AD2AC7D905D">
<createdBy>Dazza</createdBy>
<createdTime>2023-09-13 14:06:07 UTC</createdTime>
<commentInRDBMS><![CDATA[animal type id]]></commentInRDBMS>
<generatorID>4BBB63AA-290A-A812-6845-84D349E08912</generatorID>
<ownerDesignName>pf_oraclemodel</ownerDesignName>
<useDomainConstraints>false</useDomainConstraints>
<use>1</use>
<logicalDatatype>LOGDT019</logicalDatatype>
<dataTypeScale>100</dataTypeScale>
<ownDataTypeParameters>,,</ownDataTypeParameters>
<previousColumn>false</previousColumn>
<autoIncrementCycle>false</autoIncrementCycle>
<associations>
<colAssociation fkAssociation="6D3B16B7-EEB3-FA15-95EF-CB9155A7049D" referredColumn="EDC194A6-341A-C903-A317-D3D4FAA9C729"/>
</associations>
</Column>
</columns>
<indexes itemClass="oracle.dbtools.crest.model.design.relational.Index">
<ind_PK_UK id="D5FDF6DA-E2E5-5EAD-6146-D5C9D2623DCB" name="Pet_PK">
<createdBy>Dazza</createdBy>
<createdTime>2023-09-13 14:06:07 UTC</createdTime>
<generatorID>C45403FF-209B-A314-713B-24D682632270</generatorID>
<ownerDesignName>pf_oraclemodel</ownerDesignName>
<pk>true</pk>
<indexState>Primary Constraint</indexState>
<isSurrogateKey>false</isSurrogateKey>
<indexColumnUsage>
<colUsage columnID="559B4FD5-879B-F17C-DD20-542F2EB628B9"/>
</indexColumnUsage>
</ind_PK_UK>
<ind_PK_UK id="3E90B595-354D-6E12-5C03-D872F256F28C" name="OWNER_PET">
<createdBy>Dazza</createdBy>
<createdTime>2023-09-13 14:06:07 UTC</createdTime>
<generatorID>64C4546F-2901-CB28-2F8E-95F3ACDC8D57</generatorID>
<ownerDesignName>pf_oraclemodel</ownerDesignName>
<indexState>Foreign Key</indexState>
<isSurrogateKey>false</isSurrogateKey>
<indexColumnUsage>
<colUsage columnID="814E9596-17FE-9C2D-BC2E-07B7BB5E7AB5"/>
</indexColumnUsage>
</ind_PK_UK>
<ind_PK_UK id="753B260F-23F8-A112-335A-3EF40FF246D0" name="pet_animaltype">
<createdBy>Dazza</createdBy>
<createdTime>2023-09-13 14:06:07 UTC</createdTime>
<generatorID>272BA1BA-D4E5-9B01-BD77-BF568DD96222</generatorID>
<ownerDesignName>pf_oraclemodel</ownerDesignName>
<indexState>Foreign Key</indexState>
<isSurrogateKey>false</isSurrogateKey>
<indexColumnUsage>
<colUsage columnID="917FFCE6-3C87-56F9-ACE3-4AD2AC7D905D"/>
</indexColumnUsage>
</ind_PK_UK>
</indexes>
</Table>
