<?xml version = '1.0' encoding = 'UTF-8'?>
<Table class="oracle.dbtools.crest.model.design.relational.Table" directorySegmentName="seg_0" id="CB1F020F-4574-3641-5AFD-B6A0CB2C9215" name="Training">
<createdBy>Dazza</createdBy>
<createdTime>2023-09-13 14:06:07 UTC</createdTime>
<generatorID>73ECDFD9-D8B8-18C2-7ECA-0131A91C6A2A</generatorID>
<ownerDesignName>pf_oraclemodel</ownerDesignName>
<allowColumnReorder>false</allowColumnReorder>
<existDependencyGenerateInDDl>true</existDependencyGenerateInDDl>
<parsed>true</parsed>
<columns itemClass="oracle.dbtools.crest.model.design.relational.Column">
<Column name="trn_id" id="5AAE7E10-60D7-37E9-E377-B79DD5F9312C">
<createdBy>Dazza</createdBy>
<createdTime>2023-09-13 14:06:07 UTC</createdTime>
<commentInRDBMS><![CDATA[training ID (surrogate PK)]]></commentInRDBMS>
<generatorID>383BB7C1-1CC1-234B-2886-63DB270A9EDB</generatorID>
<ownerDesignName>pf_oraclemodel</ownerDesignName>
<useDomainConstraints>false</useDomainConstraints>
<use>1</use>
<logicalDatatype>LOGDT019</logicalDatatype>
<dataTypePrecision>10</dataTypePrecision>
<ownDataTypeParameters>,10,</ownDataTypeParameters>
<autoIncrementCycle>false</autoIncrementCycle>
</Column>
<Column name="trn_name" id="3BFAA371-CA8F-2A6E-7FB6-6CADC28A1D45">
<createdBy>Dazza</createdBy>
<createdTime>2023-09-13 14:06:07 UTC</createdTime>
<commentInRDBMS><![CDATA[name of training]]></commentInRDBMS>
<generatorID>ED2F96C4-02A1-C005-D925-AD8013439F1B</generatorID>
<ownerDesignName>pf_oraclemodel</ownerDesignName>
<useDomainConstraints>false</useDomainConstraints>
<use>1</use>
<logicalDatatype>LOGDT024</logicalDatatype>
<dataTypeSize>50</dataTypeSize>
<ownDataTypeParameters>50,,</ownDataTypeParameters>
<autoIncrementCycle>false</autoIncrementCycle>
</Column>
<Column name="trn_duration" id="FB2317E2-03AE-49B0-4621-838140B666D7">
<createdBy>Dazza</createdBy>
<createdTime>2023-09-13 14:06:07 UTC</createdTime>
<commentInRDBMS><![CDATA[duration of training]]></commentInRDBMS>
<generatorID>4A82682C-8B16-9F7B-B56E-54EA0A5662CB</generatorID>
<ownerDesignName>pf_oraclemodel</ownerDesignName>
<useDomainConstraints>false</useDomainConstraints>
<use>1</use>
<logicalDatatype>LOGDT024</logicalDatatype>
<dataTypeSize>10</dataTypeSize>
<ownDataTypeParameters>10,,</ownDataTypeParameters>
<autoIncrementCycle>false</autoIncrementCycle>
</Column>
<Column name="vet_id" id="AD930131-FC08-953C-3FE4-CA01D2168F42">
<createdBy>Dazza</createdBy>
<createdTime>2023-09-13 14:06:07 UTC</createdTime>
<commentInRDBMS><![CDATA[vet id]]></commentInRDBMS>
<generatorID>48C8B890-22A5-A2FE-AF65-9E9F03CB9F07</generatorID>
<ownerDesignName>pf_oraclemodel</ownerDesignName>
<useDomainConstraints>false</useDomainConstraints>
<use>1</use>
<logicalDatatype>LOGDT019</logicalDatatype>
<dataTypePrecision>10</dataTypePrecision>
<ownDataTypeParameters>,10,</ownDataTypeParameters>
<autoIncrementCycle>false</autoIncrementCycle>
</Column>
<Column name="clinic_id" id="C05CC263-53FF-75CD-E499-D95A92144F77">
<createdBy>Dazza</createdBy>
<createdTime>2023-09-13 14:06:07 UTC</createdTime>
<commentInRDBMS><![CDATA[clinic id]]></commentInRDBMS>
<generatorID>DC52B5F1-8FCE-E7A4-CAA9-5D9B9049F309</generatorID>
<ownerDesignName>pf_oraclemodel</ownerDesignName>
<useDomainConstraints>false</useDomainConstraints>
<use>1</use>
<logicalDatatype>LOGDT019</logicalDatatype>
<dataTypePrecision>10</dataTypePrecision>
<ownDataTypeParameters>,,</ownDataTypeParameters>
<previousColumn>false</previousColumn>
<autoIncrementCycle>false</autoIncrementCycle>
<associations>
<colAssociation fkAssociation="20BA2778-F8EE-25FB-A589-4F479E9AE1F2" referredColumn="B550818E-D4D9-1111-E5A4-B698F8EC3178"/>
</associations>
</Column>
<Column name="trn_start_date" id="C9447887-423A-2D2A-6CC4-37DEFD617683">
<createdBy>Dazza</createdBy>
<createdTime>2023-09-13 14:06:07 UTC</createdTime>
<commentInRDBMS><![CDATA[training starting date]]></commentInRDBMS>
<generatorID>73DB1BD8-9ABA-CEFA-6971-6BDE0E4204E6</generatorID>
<ownerDesignName>pf_oraclemodel</ownerDesignName>
<useDomainConstraints>false</useDomainConstraints>
<use>1</use>
<logicalDatatype>LOGDT007</logicalDatatype>
<ownDataTypeParameters>,,</ownDataTypeParameters>
<autoIncrementCycle>false</autoIncrementCycle>
</Column>
<Column name="trn_start_time" id="25A25214-5D74-2003-042F-43BF6F7A2D08">
<createdBy>Dazza</createdBy>
<createdTime>2023-09-13 14:06:07 UTC</createdTime>
<commentInRDBMS><![CDATA[training starting time]]></commentInRDBMS>
<generatorID>7DC95E3B-DE7A-E28D-5A7E-2B3C12812771</generatorID>
<ownerDesignName>pf_oraclemodel</ownerDesignName>
<nullsAllowed>true</nullsAllowed>
<useDomainConstraints>false</useDomainConstraints>
<use>1</use>
<logicalDatatype>LOGDT024</logicalDatatype>
<dataTypeSize>10</dataTypeSize>
<ownDataTypeParameters>10,,</ownDataTypeParameters>
<autoIncrementCycle>false</autoIncrementCycle>
</Column>
<Column name="trninstr_id" id="EC9500FA-1080-39B8-6BF8-69697E2DC048">
<createdBy>Dazza</createdBy>
<createdTime>2023-09-13 14:06:07 UTC</createdTime>
<commentInRDBMS><![CDATA[training instructor id]]></commentInRDBMS>
<generatorID>201672A9-5A6F-482B-4CF0-8562C3134F3D</generatorID>
<ownerDesignName>pf_oraclemodel</ownerDesignName>
<useDomainConstraints>false</useDomainConstraints>
<use>1</use>
<logicalDatatype>LOGDT019</logicalDatatype>
<dataTypePrecision>20</dataTypePrecision>
<ownDataTypeParameters>,,</ownDataTypeParameters>
<previousColumn>false</previousColumn>
<autoIncrementCycle>false</autoIncrementCycle>
<associations>
<colAssociation fkAssociation="87F77E37-A09F-AA1E-A2A7-430FB4C7D127" referredColumn="6F655B5D-D7D8-49F4-D808-B1D51726404B"/>
</associations>
</Column>
</columns>
<indexes itemClass="oracle.dbtools.crest.model.design.relational.Index">
<ind_PK_UK id="2F7342CA-2205-710F-BCE4-C9E9B051154D" name="Training_PK">
<createdBy>Dazza</createdBy>
<createdTime>2023-09-13 14:06:07 UTC</createdTime>
<generatorID>5AE31ACC-F94A-E3F0-14A5-BB8CC8656DA6</generatorID>
<ownerDesignName>pf_oraclemodel</ownerDesignName>
<pk>true</pk>
<indexState>Primary Constraint</indexState>
<isSurrogateKey>false</isSurrogateKey>
<indexColumnUsage>
<colUsage columnID="5AAE7E10-60D7-37E9-E377-B79DD5F9312C"/>
</indexColumnUsage>
</ind_PK_UK>
<ind_PK_UK id="DD923DD4-5379-3262-E699-F935721711AA" name="CLINIC_TRAINING">
<createdBy>Dazza</createdBy>
<createdTime>2023-09-13 14:06:07 UTC</createdTime>
<generatorID>B1EB94FE-4B47-8603-F870-E9997F8F5546</generatorID>
<ownerDesignName>pf_oraclemodel</ownerDesignName>
<indexState>Foreign Key</indexState>
<isSurrogateKey>false</isSurrogateKey>
<indexColumnUsage>
<colUsage columnID="C05CC263-53FF-75CD-E499-D95A92144F77"/>
</indexColumnUsage>
</ind_PK_UK>
<ind_PK_UK id="5225A290-F448-84C5-9AAA-FC72E16CC4E5" name="trninstr_trn">
<createdBy>Dazza</createdBy>
<createdTime>2023-09-13 14:06:07 UTC</createdTime>
<generatorID>EF43D864-76B4-736B-5ACF-416CD5FA93AF</generatorID>
<ownerDesignName>pf_oraclemodel</ownerDesignName>
<indexState>Foreign Key</indexState>
<isSurrogateKey>false</isSurrogateKey>
<indexColumnUsage>
<colUsage columnID="EC9500FA-1080-39B8-6BF8-69697E2DC048"/>
</indexColumnUsage>
</ind_PK_UK>
</indexes>
</Table>
