<?xml version = '1.0' encoding = 'UTF-8'?>
<Table class="oracle.dbtools.crest.model.design.relational.Table" directorySegmentName="seg_0" id="D2BFFB87-9B14-2017-DD83-0273B1102F21" name="Owner">
<createdBy>Dazza</createdBy>
<createdTime>2023-09-13 14:06:07 UTC</createdTime>
<generatorID>E4EE29D9-805C-1528-8BD1-6CFF5E1CEBC3</generatorID>
<ownerDesignName>pf_oraclemodel</ownerDesignName>
<allowColumnReorder>false</allowColumnReorder>
<existDependencyGenerateInDDl>true</existDependencyGenerateInDDl>
<parsed>true</parsed>
<columns itemClass="oracle.dbtools.crest.model.design.relational.Column">
<Column name="owner_id" id="A47F61EA-6BE5-6BE5-BD23-7F6F3EF8B10C">
<createdBy>Dazza</createdBy>
<createdTime>2023-09-13 14:06:07 UTC</createdTime>
<commentInRDBMS><![CDATA[owner id]]></commentInRDBMS>
<generatorID>12361B1A-47E8-FB81-627B-0D385691C9DB</generatorID>
<ownerDesignName>pf_oraclemodel</ownerDesignName>
<useDomainConstraints>false</useDomainConstraints>
<use>1</use>
<logicalDatatype>LOGDT019</logicalDatatype>
<dataTypeScale>10</dataTypeScale>
<ownDataTypeParameters>,,10</ownDataTypeParameters>
<autoIncrementCycle>false</autoIncrementCycle>
</Column>
<Column name="owner_gname" id="B6016D16-0F9D-6CCD-28F5-B43CC2081AE4">
<createdBy>Dazza</createdBy>
<createdTime>2023-09-13 14:06:07 UTC</createdTime>
<commentInRDBMS><![CDATA[owner's given name]]></commentInRDBMS>
<generatorID>9EC23CD1-BEC3-A487-6807-204FE7736DDD</generatorID>
<ownerDesignName>pf_oraclemodel</ownerDesignName>
<useDomainConstraints>false</useDomainConstraints>
<use>1</use>
<logicalDatatype>LOGDT024</logicalDatatype>
<dataTypeSize>50 CHAR</dataTypeSize>
<ownDataTypeParameters>50 CHAR,,</ownDataTypeParameters>
<autoIncrementCycle>false</autoIncrementCycle>
</Column>
<Column name="owner_fname" id="CCDE2DB2-3A63-8E7F-DD05-51EE79C706A3">
<createdBy>Dazza</createdBy>
<createdTime>2023-09-13 14:06:07 UTC</createdTime>
<commentInRDBMS><![CDATA[owner's family name]]></commentInRDBMS>
<generatorID>8C33CE41-833C-208A-D870-6EA5CD70F986</generatorID>
<ownerDesignName>pf_oraclemodel</ownerDesignName>
<useDomainConstraints>false</useDomainConstraints>
<use>1</use>
<logicalDatatype>LOGDT024</logicalDatatype>
<dataTypeSize>50 CHAR</dataTypeSize>
<ownDataTypeParameters>50 CHAR,,</ownDataTypeParameters>
<autoIncrementCycle>false</autoIncrementCycle>
</Column>
<Column name="owner_phone" id="87F26E31-D729-083F-35A6-A281A518F90D">
<createdBy>Dazza</createdBy>
<createdTime>2023-09-13 14:06:07 UTC</createdTime>
<commentInRDBMS><![CDATA[owner's phone number]]></commentInRDBMS>
<generatorID>F5FEE608-C01F-00CE-ED76-BC1AB6FF0834</generatorID>
<ownerDesignName>pf_oraclemodel</ownerDesignName>
<useDomainConstraints>false</useDomainConstraints>
<use>1</use>
<logicalDatatype>LOGDT019</logicalDatatype>
<dataTypeScale>10</dataTypeScale>
<ownDataTypeParameters>,,10</ownDataTypeParameters>
<autoIncrementCycle>false</autoIncrementCycle>
</Column>
</columns>
<indexes itemClass="oracle.dbtools.crest.model.design.relational.Index">
<ind_PK_UK id="7ACEFB77-0C5A-AE9A-60D5-7A1B3AECCAD4" name="Owner_PK">
<createdBy>Dazza</createdBy>
<createdTime>2023-09-13 14:06:07 UTC</createdTime>
<generatorID>FCB4C9DB-3A8D-5341-49A3-671F1EDBAAD7</generatorID>
<ownerDesignName>pf_oraclemodel</ownerDesignName>
<pk>true</pk>
<indexState>Primary Constraint</indexState>
<isSurrogateKey>false</isSurrogateKey>
<indexColumnUsage>
<colUsage columnID="A47F61EA-6BE5-6BE5-BD23-7F6F3EF8B10C"/>
</indexColumnUsage>
</ind_PK_UK>
</indexes>
</Table>
