<?xml version = '1.0' encoding = 'UTF-8'?>
<Entity class="oracle.dbtools.crest.model.design.logical.Entity" directorySegmentName="seg_0" id="045E7F94-7C22-338B-97A7-88585347E8AE" name="Spec">
<createdBy>zejiaheli</createdBy>
<createdTime>2023-09-13 11:37:06 UTC</createdTime>
<ownerDesignName>pf_oraclemodel</ownerDesignName>
<engineerTo>
<item key="9769E430-2C68-EEC8-D3B4-633D0C59BA46" value="true"/>
</engineerTo>
<adequatelyNormalized>NO</adequatelyNormalized>
<expectedVolumes>0</expectedVolumes>
<fwdEngineeringStrategyName>Single Table</fwdEngineeringStrategyName>
<growthPercent>0</growthPercent>
<growthType>Year</growthType>
<maxVolumes>9999999</maxVolumes>
<minVolumes>0</minVolumes>
<normalForm>Third</normalForm>
<attributes itemClass="oracle.dbtools.crest.model.design.logical.Attribute">
<Attribute name="vet_spec_id" id="B965B921-53F0-6348-CFD9-649A8F6CF65D">
<createdBy>zejiaheli</createdBy>
<createdTime>2023-09-13 11:38:34 UTC</createdTime>
<commentInRDBMS><![CDATA[specialization id]]></commentInRDBMS>
<ownerDesignName>pf_oraclemodel</ownerDesignName>
<engineerTo>
<item key="9769E430-2C68-EEC8-D3B4-633D0C59BA46" value="true"/>
</engineerTo>
<useDomainConstraints>false</useDomainConstraints>
<use>1</use>
<logicalDatatype>LOGDT019</logicalDatatype>
<dataTypeScale>10</dataTypeScale>
<ownDataTypeParameters>,,10</ownDataTypeParameters>
</Attribute>
<Attribute name="spec_name" id="572DA2AA-AD9D-07F7-70A6-6A27E4CC2506">
<createdBy>zejiaheli</createdBy>
<createdTime>2023-09-13 11:40:52 UTC</createdTime>
<commentInRDBMS><![CDATA[specialization name]]></commentInRDBMS>
<ownerDesignName>pf_oraclemodel</ownerDesignName>
<engineerTo>
<item key="9769E430-2C68-EEC8-D3B4-633D0C59BA46" value="true"/>
</engineerTo>
<useDomainConstraints>false</useDomainConstraints>
<use>1</use>
<logicalDatatype>LOGDT024</logicalDatatype>
<dataTypeSize>50 CHAR</dataTypeSize>
<ownDataTypeParameters>50 CHAR,,</ownDataTypeParameters>
</Attribute>
<Attribute name="vet_id" id="CB2C0E97-B62D-7C66-1182-A8079138ABB4">
<createdBy>zejiaheli</createdBy>
<createdTime>2023-09-13 11:43:23 UTC</createdTime>
<commentInRDBMS><![CDATA[vet id]]></commentInRDBMS>
<generatorID>4E872EEF-268F-7203-996B-A6385F4927A2</generatorID>
<ownerDesignName>pf_oraclemodel</ownerDesignName>
<engineerTo>
<item key="9769E430-2C68-EEC8-D3B4-633D0C59BA46" value="true"/>
</engineerTo>
<referedAttribute>5E89B0BA-CF25-B043-5ED9-60B098F5F6BA</referedAttribute>
<useDomainConstraints>false</useDomainConstraints>
<use>1</use>
<logicalDatatype>LOGDT019</logicalDatatype>
<dataTypePrecision>10</dataTypePrecision>
<ownDataTypeParameters>,10,</ownDataTypeParameters>
</Attribute>
</attributes>
<identifiers itemClass="oracle.dbtools.crest.model.design.logical.CandidateKey">
<identifier id="590CF23C-11C2-D1C5-F6F2-ED287DB33258" name="Specialization PK">
<createdBy>zejiaheli</createdBy>
<createdTime>2023-09-13 11:38:47 UTC</createdTime>
<ownerDesignName>pf_oraclemodel</ownerDesignName>
<engineerTo>
<item key="9769E430-2C68-EEC8-D3B4-633D0C59BA46" value="true"/>
</engineerTo>
<pk>true</pk>
<usedAttributes>
<attributeRef>B965B921-53F0-6348-CFD9-649A8F6CF65D</attributeRef>
</usedAttributes>
</identifier>
<identifier id="861D3D43-9DD2-82E1-7FD8-856A42240028" name="Specialization NK">
<createdBy>Dazza</createdBy>
<createdTime>2023-09-13 13:22:00 UTC</createdTime>
<ownerDesignName>pf_oraclemodel</ownerDesignName>
<engineerTo>
<item key="9769E430-2C68-EEC8-D3B4-633D0C59BA46" value="true"/>
</engineerTo>
<newElementsIDs>CB2C0E97-B62D-7C66-1182-A8079138ABB4</newElementsIDs>
<usedAttributes>
<attributeRef>CB2C0E97-B62D-7C66-1182-A8079138ABB4</attributeRef>
</usedAttributes>
</identifier>
</identifiers>
</Entity>
