<?xml version = '1.0' encoding = 'UTF-8'?>
<Entity class="oracle.dbtools.crest.model.design.logical.Entity" directorySegmentName="seg_0" id="2D5E59CB-77A7-2D06-36E6-186F0B6A9A4B" name="Invoice">
<createdBy>zejiaheli</createdBy>
<createdTime>2023-09-13 08:45:04 UTC</createdTime>
<ownerDesignName>pf_oraclemodel</ownerDesignName>
<engineerTo>
<item key="9769E430-2C68-EEC8-D3B4-633D0C59BA46" value="true"/>
</engineerTo>
<adequatelyNormalized>NO</adequatelyNormalized>
<expectedVolumes>0</expectedVolumes>
<fwdEngineeringStrategyName>Single Table</fwdEngineeringStrategyName>
<growthPercent>0</growthPercent>
<growthType>Year</growthType>
<maxVolumes>9999999</maxVolumes>
<minVolumes>0</minVolumes>
<normalForm>Third</normalForm>
<attributes itemClass="oracle.dbtools.crest.model.design.logical.Attribute">
<Attribute name="total_cost" id="17BC1FB9-0246-FF32-48B5-7C2DF6A8E536">
<createdBy>zejiaheli</createdBy>
<createdTime>2023-09-13 08:45:09 UTC</createdTime>
<commentInRDBMS><![CDATA[total cost]]></commentInRDBMS>
<ownerDesignName>pf_oraclemodel</ownerDesignName>
<engineerTo>
<item key="9769E430-2C68-EEC8-D3B4-633D0C59BA46" value="true"/>
</engineerTo>
<useDomainConstraints>false</useDomainConstraints>
<use>1</use>
<logicalDatatype>LOGDT019</logicalDatatype>
<dataTypeScale>50</dataTypeScale>
<ownDataTypeParameters>,,50</ownDataTypeParameters>
</Attribute>
<Attribute name="pay_method" id="85B2651A-3B5A-7D04-1644-DABDA87D95EA">
<createdBy>zejiaheli</createdBy>
<createdTime>2023-09-13 08:45:14 UTC</createdTime>
<commentInRDBMS><![CDATA[pay method]]></commentInRDBMS>
<ownerDesignName>pf_oraclemodel</ownerDesignName>
<engineerTo>
<item key="9769E430-2C68-EEC8-D3B4-633D0C59BA46" value="true"/>
</engineerTo>
<constraintName>chk_paymethod</constraintName>
<useDomainConstraints>false</useDomainConstraints>
<use>1</use>
<logicalDatatype>LOGDT024</logicalDatatype>
<dataTypeSize>10 CHAR</dataTypeSize>
<listOfValues>
<valueDef value="C" description="cash"/>
<valueDef value="E" description="EFT"/>
</listOfValues>
<ownDataTypeParameters>10 CHAR,,</ownDataTypeParameters>
</Attribute>
<Attribute name="pet_id" id="3B862E52-9B36-D010-96D2-C6A38BA58153">
<createdBy>ariar</createdBy>
<createdTime>2023-09-13 12:42:47 UTC</createdTime>
<generatorID>ECC2550C-4A30-F099-E177-32EAEF250D76</generatorID>
<ownerDesignName>pf_oraclemodel</ownerDesignName>
<engineerTo>
<item key="9769E430-2C68-EEC8-D3B4-633D0C59BA46" value="true"/>
</engineerTo>
<referedAttribute>5F747B93-242C-F02C-B729-DDF2828CF879</referedAttribute>
<useDomainConstraints>false</useDomainConstraints>
<use>1</use>
<logicalDatatype>LOGDT019</logicalDatatype>
<dataTypeScale>10</dataTypeScale>
<ownDataTypeParameters>,,</ownDataTypeParameters>
</Attribute>
<Attribute name="visit_dateandtime" id="24D428ED-39DF-9879-A9D9-87DEA0773A15">
<createdBy>ariar</createdBy>
<createdTime>2023-09-13 12:43:18 UTC</createdTime>
<generatorID>ECC2550C-4A30-F099-E177-32EAEF250D76</generatorID>
<ownerDesignName>pf_oraclemodel</ownerDesignName>
<engineerTo>
<item key="9769E430-2C68-EEC8-D3B4-633D0C59BA46" value="true"/>
</engineerTo>
<referedAttribute>82958ED8-0513-3F17-DD0A-553835367F97</referedAttribute>
<useDomainConstraints>false</useDomainConstraints>
<use>1</use>
<logicalDatatype>LOGDT007</logicalDatatype>
<ownDataTypeParameters>,,</ownDataTypeParameters>
</Attribute>
</attributes>
</Entity>
