<?xml version = '1.0' encoding = 'UTF-8'?>
<Entity class="oracle.dbtools.crest.model.design.logical.Entity" directorySegmentName="seg_0" id="60D49A1C-D579-4C8C-0437-56165BD40F7B" name="Pet">
<createdBy>zejiaheli</createdBy>
<createdTime>2023-09-13 08:18:05 UTC</createdTime>
<ownerDesignName>pf_oraclemodel</ownerDesignName>
<engineerTo>
<item key="9769E430-2C68-EEC8-D3B4-633D0C59BA46" value="true"/>
</engineerTo>
<adequatelyNormalized>NO</adequatelyNormalized>
<expectedVolumes>0</expectedVolumes>
<fwdEngineeringStrategyName>Single Table</fwdEngineeringStrategyName>
<growthPercent>0</growthPercent>
<growthType>Year</growthType>
<maxVolumes>9999999</maxVolumes>
<minVolumes>0</minVolumes>
<normalForm>Third</normalForm>
<attributes itemClass="oracle.dbtools.crest.model.design.logical.Attribute">
<Attribute name="pet_id" id="F0B57880-79AA-48DC-B53E-5C4E7AFE5C8E">
<createdBy>zejiaheli</createdBy>
<createdTime>2023-09-13 08:18:10 UTC</createdTime>
<commentInRDBMS><![CDATA[pet id]]></commentInRDBMS>
<ownerDesignName>pf_oraclemodel</ownerDesignName>
<engineerTo>
<item key="9769E430-2C68-EEC8-D3B4-633D0C59BA46" value="true"/>
</engineerTo>
<useDomainConstraints>false</useDomainConstraints>
<use>1</use>
<logicalDatatype>LOGDT019</logicalDatatype>
<dataTypeScale>10</dataTypeScale>
<ownDataTypeParameters>,,10</ownDataTypeParameters>
</Attribute>
<Attribute name="pet_name" id="47D1C112-146A-D700-6162-C4B48335C0EB">
<createdBy>zejiaheli</createdBy>
<createdTime>2023-09-13 08:19:02 UTC</createdTime>
<commentInRDBMS><![CDATA[animal name]]></commentInRDBMS>
<ownerDesignName>pf_oraclemodel</ownerDesignName>
<engineerTo>
<item key="9769E430-2C68-EEC8-D3B4-633D0C59BA46" value="true"/>
</engineerTo>
<useDomainConstraints>false</useDomainConstraints>
<use>1</use>
<logicalDatatype>LOGDT024</logicalDatatype>
<dataTypeSize>50 CHAR</dataTypeSize>
<ownDataTypeParameters>50 CHAR,,</ownDataTypeParameters>
</Attribute>
<Attribute name="pet_dob" id="843C8EE0-11AB-0A86-AD12-EB4434141968">
<createdBy>zejiaheli</createdBy>
<createdTime>2023-09-13 08:19:32 UTC</createdTime>
<commentInRDBMS><![CDATA[animal date of birth]]></commentInRDBMS>
<ownerDesignName>pf_oraclemodel</ownerDesignName>
<engineerTo>
<item key="9769E430-2C68-EEC8-D3B4-633D0C59BA46" value="true"/>
</engineerTo>
<useDomainConstraints>false</useDomainConstraints>
<use>1</use>
<logicalDatatype>LOGDT007</logicalDatatype>
<ownDataTypeParameters>,,</ownDataTypeParameters>
</Attribute>
<Attribute name="pet_type" id="48965E1E-5511-226B-6236-2B0BDE5A410A">
<createdBy>zejiaheli</createdBy>
<createdTime>2023-09-13 08:19:53 UTC</createdTime>
<commentInRDBMS><![CDATA[animal type]]></commentInRDBMS>
<ownerDesignName>pf_oraclemodel</ownerDesignName>
<engineerTo>
<item key="9769E430-2C68-EEC8-D3B4-633D0C59BA46" value="true"/>
</engineerTo>
<useDomainConstraints>false</useDomainConstraints>
<use>1</use>
<logicalDatatype>LOGDT024</logicalDatatype>
<dataTypeSize>10 CHAR</dataTypeSize>
<ownDataTypeParameters>10 CHAR,,</ownDataTypeParameters>
</Attribute>
<Attribute name="owner_id" id="254C57B0-25CE-D39A-8B2D-4C0D2EA987C2">
<createdBy>ariar</createdBy>
<createdTime>2023-09-13 10:53:32 UTC</createdTime>
<commentInRDBMS><![CDATA[owner id]]></commentInRDBMS>
<generatorID>64C4546F-2901-CB28-2F8E-95F3ACDC8D57</generatorID>
<ownerDesignName>pf_oraclemodel</ownerDesignName>
<engineerTo>
<item key="9769E430-2C68-EEC8-D3B4-633D0C59BA46" value="true"/>
</engineerTo>
<referedAttribute>12361B1A-47E8-FB81-627B-0D385691C9DB</referedAttribute>
<useDomainConstraints>false</useDomainConstraints>
<use>1</use>
<logicalDatatype>LOGDT019</logicalDatatype>
<dataTypeScale>10</dataTypeScale>
<ownDataTypeParameters>,,10</ownDataTypeParameters>
</Attribute>
<Attribute name="pet_status" id="8D672B1D-2E68-4274-9CDB-6C53C0589DBE">
<createdBy>zejiaheli</createdBy>
<createdTime>2023-09-13 11:58:33 UTC</createdTime>
<commentInRDBMS><![CDATA[pet status (whether it's dead or alive)]]></commentInRDBMS>
<ownerDesignName>pf_oraclemodel</ownerDesignName>
<engineerTo>
<item key="9769E430-2C68-EEC8-D3B4-633D0C59BA46" value="true"/>
</engineerTo>
<constraintName>chk_petstatus</constraintName>
<useDomainConstraints>false</useDomainConstraints>
<use>1</use>
<logicalDatatype>LOGDT024</logicalDatatype>
<dataTypeSize>50 CHAR</dataTypeSize>
<listOfValues>
<valueDef value="A" description="alive"/>
<valueDef value="D" description="dead"/>
</listOfValues>
<ownDataTypeParameters>50 CHAR,,</ownDataTypeParameters>
</Attribute>
<Attribute name="animal_typeid" id="4BBB63AA-290A-A812-6845-84D349E08912">
<createdBy>zejiaheli</createdBy>
<createdTime>2023-09-13 12:10:57 UTC</createdTime>
<commentInRDBMS><![CDATA[animal type id]]></commentInRDBMS>
<generatorID>272BA1BA-D4E5-9B01-BD77-BF568DD96222</generatorID>
<ownerDesignName>pf_oraclemodel</ownerDesignName>
<engineerTo>
<item key="9769E430-2C68-EEC8-D3B4-633D0C59BA46" value="true"/>
</engineerTo>
<referedAttribute>02038B2A-D852-790C-B696-06554E640323</referedAttribute>
<useDomainConstraints>false</useDomainConstraints>
<use>1</use>
<logicalDatatype>LOGDT019</logicalDatatype>
<dataTypeScale>100</dataTypeScale>
<ownDataTypeParameters>,,100</ownDataTypeParameters>
</Attribute>
</attributes>
<identifiers itemClass="oracle.dbtools.crest.model.design.logical.CandidateKey">
<identifier id="C45403FF-209B-A314-713B-24D682632270" name="Pet PK">
<createdBy>zejiaheli</createdBy>
<createdTime>2023-09-13 08:18:15 UTC</createdTime>
<ownerDesignName>pf_oraclemodel</ownerDesignName>
<engineerTo>
<item key="9769E430-2C68-EEC8-D3B4-633D0C59BA46" value="true"/>
</engineerTo>
<pk>true</pk>
<usedAttributes>
<attributeRef>F0B57880-79AA-48DC-B53E-5C4E7AFE5C8E</attributeRef>
</usedAttributes>
</identifier>
</identifiers>
</Entity>
