<?xml version = '1.0' encoding = 'UTF-8'?>
<Entity class="oracle.dbtools.crest.model.design.logical.Entity" directorySegmentName="seg_0" id="6E045CDD-FCFB-FEB8-6BB4-E194764784AF" name="Visit">
<createdBy>zejiaheli</createdBy>
<createdTime>2023-09-13 08:07:09 UTC</createdTime>
<ownerDesignName>pf_oraclemodel</ownerDesignName>
<engineerTo>
<item key="9769E430-2C68-EEC8-D3B4-633D0C59BA46" value="true"/>
</engineerTo>
<adequatelyNormalized>NO</adequatelyNormalized>
<expectedVolumes>0</expectedVolumes>
<fwdEngineeringStrategyName>Single Table</fwdEngineeringStrategyName>
<growthPercent>0</growthPercent>
<growthType>Year</growthType>
<maxVolumes>9999999</maxVolumes>
<minVolumes>0</minVolumes>
<normalForm>Third</normalForm>
<attributes itemClass="oracle.dbtools.crest.model.design.logical.Attribute">
<Attribute name="visit_dateandtime" id="82958ED8-0513-3F17-DD0A-553835367F97">
<createdBy>zejiaheli</createdBy>
<createdTime>2023-09-13 08:07:21 UTC</createdTime>
<commentInRDBMS><![CDATA[visit date and time]]></commentInRDBMS>
<ownerDesignName>pf_oraclemodel</ownerDesignName>
<engineerTo>
<item key="9769E430-2C68-EEC8-D3B4-633D0C59BA46" value="true"/>
</engineerTo>
<useDomainConstraints>false</useDomainConstraints>
<use>1</use>
<logicalDatatype>LOGDT007</logicalDatatype>
<ownDataTypeParameters>,,</ownDataTypeParameters>
</Attribute>
<Attribute name="visit_pet_weight" id="B4CAF56B-8591-7276-B9E6-19A5D90E72DA">
<createdBy>zejiaheli</createdBy>
<createdTime>2023-09-13 08:07:58 UTC</createdTime>
<commentInRDBMS><![CDATA[visit pet weight]]></commentInRDBMS>
<ownerDesignName>pf_oraclemodel</ownerDesignName>
<engineerTo>
<item key="9769E430-2C68-EEC8-D3B4-633D0C59BA46" value="true"/>
</engineerTo>
<useDomainConstraints>false</useDomainConstraints>
<use>1</use>
<logicalDatatype>LOGDT019</logicalDatatype>
<dataTypeScale>10</dataTypeScale>
<ownDataTypeParameters>,,10</ownDataTypeParameters>
</Attribute>
<Attribute name="visit_duration" id="38A383B8-6F01-5734-E95F-B21BEE70B03E">
<createdBy>zejiaheli</createdBy>
<createdTime>2023-09-13 08:08:36 UTC</createdTime>
<commentInRDBMS><![CDATA[visit duration]]></commentInRDBMS>
<ownerDesignName>pf_oraclemodel</ownerDesignName>
<engineerTo>
<item key="9769E430-2C68-EEC8-D3B4-633D0C59BA46" value="true"/>
</engineerTo>
<useDomainConstraints>false</useDomainConstraints>
<use>1</use>
<logicalDatatype>LOGDT019</logicalDatatype>
<dataTypeScale>10</dataTypeScale>
<ownDataTypeParameters>,,10</ownDataTypeParameters>
</Attribute>
<Attribute name="visit_notes" id="8543A130-3C55-D741-AEDA-575C6FF1A45E">
<createdBy>zejiaheli</createdBy>
<createdTime>2023-09-13 08:09:40 UTC</createdTime>
<commentInRDBMS><![CDATA[visit notes]]></commentInRDBMS>
<ownerDesignName>pf_oraclemodel</ownerDesignName>
<engineerTo>
<item key="9769E430-2C68-EEC8-D3B4-633D0C59BA46" value="true"/>
</engineerTo>
<nullsAllowed>true</nullsAllowed>
<useDomainConstraints>false</useDomainConstraints>
<use>1</use>
<logicalDatatype>LOGDT024</logicalDatatype>
<dataTypeSize>50 CHAR</dataTypeSize>
<ownDataTypeParameters>50 CHAR,,</ownDataTypeParameters>
</Attribute>
<Attribute name="clinic_id" id="DD0C4DD2-1B78-3869-D9A8-ED925C30F143">
<createdBy>ariar</createdBy>
<createdTime>2023-09-13 10:40:49 UTC</createdTime>
<commentInRDBMS><![CDATA[clinic id]]></commentInRDBMS>
<generatorID>C7BDE7E5-52C2-80F3-0A15-E91985FF7405</generatorID>
<ownerDesignName>pf_oraclemodel</ownerDesignName>
<engineerTo>
<item key="9769E430-2C68-EEC8-D3B4-633D0C59BA46" value="true"/>
</engineerTo>
<referedAttribute>5D622A52-A942-EA4C-282F-9620D0F53653</referedAttribute>
<useDomainConstraints>false</useDomainConstraints>
<use>1</use>
<logicalDatatype>LOGDT019</logicalDatatype>
<dataTypePrecision>10</dataTypePrecision>
<ownDataTypeParameters>,10,</ownDataTypeParameters>
</Attribute>
<Attribute name="pet_id" id="5F747B93-242C-F02C-B729-DDF2828CF879">
<createdBy>ariar</createdBy>
<createdTime>2023-09-13 10:47:17 UTC</createdTime>
<commentInRDBMS><![CDATA[pet id]]></commentInRDBMS>
<generatorID>75392477-1392-0896-51BC-EA67D97EA131</generatorID>
<ownerDesignName>pf_oraclemodel</ownerDesignName>
<engineerTo>
<item key="9769E430-2C68-EEC8-D3B4-633D0C59BA46" value="true"/>
</engineerTo>
<referedAttribute>F0B57880-79AA-48DC-B53E-5C4E7AFE5C8E</referedAttribute>
<useDomainConstraints>false</useDomainConstraints>
<use>1</use>
<logicalDatatype>LOGDT019</logicalDatatype>
<dataTypeScale>10</dataTypeScale>
<ownDataTypeParameters>,,10</ownDataTypeParameters>
</Attribute>
<Attribute name="vet_id" id="991FF2C9-DCE5-944F-E9F4-AA44CD845DDC">
<createdBy>zejiaheli</createdBy>
<createdTime>2023-09-13 11:54:55 UTC</createdTime>
<commentInRDBMS><![CDATA[vet id]]></commentInRDBMS>
<generatorID>E12804AC-0AFF-5BEC-F517-62EE54939A86</generatorID>
<ownerDesignName>pf_oraclemodel</ownerDesignName>
<engineerTo>
<item key="9769E430-2C68-EEC8-D3B4-633D0C59BA46" value="true"/>
</engineerTo>
<referedAttribute>5E89B0BA-CF25-B043-5ED9-60B098F5F6BA</referedAttribute>
<useDomainConstraints>false</useDomainConstraints>
<use>1</use>
<logicalDatatype>LOGDT019</logicalDatatype>
<dataTypePrecision>10</dataTypePrecision>
<ownDataTypeParameters>,10,</ownDataTypeParameters>
</Attribute>
</attributes>
<identifiers itemClass="oracle.dbtools.crest.model.design.logical.CandidateKey">
<identifier id="707A9355-411F-43D7-0C17-FBAD4EEA3A17" name="Visit PK">
<createdBy>ariar</createdBy>
<createdTime>2023-09-13 10:40:49 UTC</createdTime>
<ownerDesignName>pf_oraclemodel</ownerDesignName>
<engineerTo>
<item key="9769E430-2C68-EEC8-D3B4-633D0C59BA46" value="true"/>
</engineerTo>
<pk>true</pk>
<usedAttributes>
<attributeRef>5F747B93-242C-F02C-B729-DDF2828CF879</attributeRef>
<attributeRef>82958ED8-0513-3F17-DD0A-553835367F97</attributeRef>
</usedAttributes>
</identifier>
</identifiers>
</Entity>
