<?xml version = '1.0' encoding = 'UTF-8'?>
<Entity class="oracle.dbtools.crest.model.design.logical.Entity" directorySegmentName="seg_0" id="73ECDFD9-D8B8-18C2-7ECA-0131A91C6A2A" name="Training">
<createdBy>Dazza</createdBy>
<createdTime>2023-09-13 07:15:13 UTC</createdTime>
<ownerDesignName>pf_oraclemodel</ownerDesignName>
<engineerTo>
<item key="9769E430-2C68-EEC8-D3B4-633D0C59BA46" value="true"/>
</engineerTo>
<adequatelyNormalized>NO</adequatelyNormalized>
<expectedVolumes>0</expectedVolumes>
<fwdEngineeringStrategyName>Single Table</fwdEngineeringStrategyName>
<growthPercent>0</growthPercent>
<growthType>Year</growthType>
<maxVolumes>9999999</maxVolumes>
<minVolumes>0</minVolumes>
<normalForm>Third</normalForm>
<attributes itemClass="oracle.dbtools.crest.model.design.logical.Attribute">
<Attribute name="trn_id" id="383BB7C1-1CC1-234B-2886-63DB270A9EDB">
<createdBy>Dazza</createdBy>
<createdTime>2023-09-13 07:15:23 UTC</createdTime>
<commentInRDBMS><![CDATA[training ID (surrogate PK)]]></commentInRDBMS>
<ownerDesignName>pf_oraclemodel</ownerDesignName>
<engineerTo>
<item key="9769E430-2C68-EEC8-D3B4-633D0C59BA46" value="true"/>
</engineerTo>
<useDomainConstraints>false</useDomainConstraints>
<use>1</use>
<logicalDatatype>LOGDT019</logicalDatatype>
<dataTypePrecision>10</dataTypePrecision>
<ownDataTypeParameters>,10,</ownDataTypeParameters>
</Attribute>
<Attribute name="trn_name" id="ED2F96C4-02A1-C005-D925-AD8013439F1B">
<createdBy>Dazza</createdBy>
<createdTime>2023-09-13 07:17:04 UTC</createdTime>
<commentInRDBMS><![CDATA[name of training]]></commentInRDBMS>
<ownerDesignName>pf_oraclemodel</ownerDesignName>
<engineerTo>
<item key="9769E430-2C68-EEC8-D3B4-633D0C59BA46" value="true"/>
</engineerTo>
<useDomainConstraints>false</useDomainConstraints>
<use>1</use>
<logicalDatatype>LOGDT024</logicalDatatype>
<dataTypeSize>50</dataTypeSize>
<ownDataTypeParameters>50,,</ownDataTypeParameters>
</Attribute>
<Attribute name="trn_duration" id="4A82682C-8B16-9F7B-B56E-54EA0A5662CB">
<createdBy>Dazza</createdBy>
<createdTime>2023-09-13 07:19:08 UTC</createdTime>
<commentInRDBMS><![CDATA[duration of training]]></commentInRDBMS>
<ownerDesignName>pf_oraclemodel</ownerDesignName>
<engineerTo>
<item key="9769E430-2C68-EEC8-D3B4-633D0C59BA46" value="true"/>
</engineerTo>
<useDomainConstraints>false</useDomainConstraints>
<use>1</use>
<logicalDatatype>LOGDT024</logicalDatatype>
<dataTypeSize>10</dataTypeSize>
<ownDataTypeParameters>10,,</ownDataTypeParameters>
</Attribute>
<Attribute name="vet_id" id="48C8B890-22A5-A2FE-AF65-9E9F03CB9F07">
<createdBy>Dazza</createdBy>
<createdTime>2023-09-13 07:26:55 UTC</createdTime>
<commentInRDBMS><![CDATA[vet id]]></commentInRDBMS>
<generatorID>4E872EEF-268F-7203-996B-A6385F4927A2</generatorID>
<ownerDesignName>pf_oraclemodel</ownerDesignName>
<engineerTo>
<item key="9769E430-2C68-EEC8-D3B4-633D0C59BA46" value="true"/>
</engineerTo>
<referedAttribute>5E89B0BA-CF25-B043-5ED9-60B098F5F6BA</referedAttribute>
<useDomainConstraints>false</useDomainConstraints>
<use>1</use>
<logicalDatatype>LOGDT019</logicalDatatype>
<dataTypePrecision>10</dataTypePrecision>
<ownDataTypeParameters>,10,</ownDataTypeParameters>
</Attribute>
<Attribute name="clinic_id" id="DC52B5F1-8FCE-E7A4-CAA9-5D9B9049F309">
<createdBy>Dazza</createdBy>
<createdTime>2023-09-13 07:27:44 UTC</createdTime>
<commentInRDBMS><![CDATA[clinic id]]></commentInRDBMS>
<generatorID>B1EB94FE-4B47-8603-F870-E9997F8F5546</generatorID>
<ownerDesignName>pf_oraclemodel</ownerDesignName>
<engineerTo>
<item key="9769E430-2C68-EEC8-D3B4-633D0C59BA46" value="true"/>
</engineerTo>
<referedAttribute>5D622A52-A942-EA4C-282F-9620D0F53653</referedAttribute>
<useDomainConstraints>false</useDomainConstraints>
<use>1</use>
<logicalDatatype>LOGDT019</logicalDatatype>
<dataTypePrecision>10</dataTypePrecision>
<ownDataTypeParameters>,10,</ownDataTypeParameters>
</Attribute>
<Attribute name="trn_start_date" id="73DB1BD8-9ABA-CEFA-6971-6BDE0E4204E6">
<createdBy>Dazza</createdBy>
<createdTime>2023-09-13 13:01:53 UTC</createdTime>
<commentInRDBMS><![CDATA[training starting date]]></commentInRDBMS>
<ownerDesignName>pf_oraclemodel</ownerDesignName>
<engineerTo>
<item key="9769E430-2C68-EEC8-D3B4-633D0C59BA46" value="true"/>
</engineerTo>
<useDomainConstraints>false</useDomainConstraints>
<use>1</use>
<logicalDatatype>LOGDT007</logicalDatatype>
<ownDataTypeParameters>,,</ownDataTypeParameters>
</Attribute>
<Attribute name="trn_start_time" id="7DC95E3B-DE7A-E28D-5A7E-2B3C12812771">
<createdBy>Dazza</createdBy>
<createdTime>2023-09-13 13:02:20 UTC</createdTime>
<commentInRDBMS><![CDATA[training starting time]]></commentInRDBMS>
<ownerDesignName>pf_oraclemodel</ownerDesignName>
<engineerTo>
<item key="9769E430-2C68-EEC8-D3B4-633D0C59BA46" value="true"/>
</engineerTo>
<nullsAllowed>true</nullsAllowed>
<useDomainConstraints>false</useDomainConstraints>
<use>1</use>
<logicalDatatype>LOGDT024</logicalDatatype>
<dataTypeSize>10</dataTypeSize>
<ownDataTypeParameters>10,,</ownDataTypeParameters>
</Attribute>
<Attribute name="trninstr_id" id="201672A9-5A6F-482B-4CF0-8562C3134F3D">
<createdBy>Dazza</createdBy>
<createdTime>2023-09-13 13:17:18 UTC</createdTime>
<commentInRDBMS><![CDATA[training instructor id]]></commentInRDBMS>
<generatorID>EF43D864-76B4-736B-5ACF-416CD5FA93AF</generatorID>
<ownerDesignName>pf_oraclemodel</ownerDesignName>
<engineerTo>
<item key="9769E430-2C68-EEC8-D3B4-633D0C59BA46" value="true"/>
</engineerTo>
<referedAttribute>B195A227-1357-97B1-B253-919C8E2CBCD6</referedAttribute>
<useDomainConstraints>false</useDomainConstraints>
<use>1</use>
<logicalDatatype>LOGDT019</logicalDatatype>
<dataTypePrecision>20</dataTypePrecision>
<ownDataTypeParameters>,,</ownDataTypeParameters>
</Attribute>
</attributes>
<identifiers itemClass="oracle.dbtools.crest.model.design.logical.CandidateKey">
<identifier id="5AE31ACC-F94A-E3F0-14A5-BB8CC8656DA6" name="Training PK">
<createdBy>Dazza</createdBy>
<createdTime>2023-09-13 07:15:46 UTC</createdTime>
<ownerDesignName>pf_oraclemodel</ownerDesignName>
<engineerTo>
<item key="9769E430-2C68-EEC8-D3B4-633D0C59BA46" value="true"/>
</engineerTo>
<pk>true</pk>
<usedAttributes>
<attributeRef>383BB7C1-1CC1-234B-2886-63DB270A9EDB</attributeRef>
</usedAttributes>
</identifier>
</identifiers>
</Entity>
