<?xml version = '1.0' encoding = 'UTF-8'?>
<Entity class="oracle.dbtools.crest.model.design.logical.Entity" directorySegmentName="seg_0" id="B2B8BDDA-956D-0D3E-DE89-7D988336BB6C" name="Animal type">
<createdBy>zejiaheli</createdBy>
<createdTime>2023-09-13 12:04:27 UTC</createdTime>
<ownerDesignName>pf_oraclemodel</ownerDesignName>
<engineerTo>
<item key="9769E430-2C68-EEC8-D3B4-633D0C59BA46" value="true"/>
</engineerTo>
<adequatelyNormalized>NO</adequatelyNormalized>
<expectedVolumes>0</expectedVolumes>
<fwdEngineeringStrategyName>Single Table</fwdEngineeringStrategyName>
<growthPercent>0</growthPercent>
<growthType>Year</growthType>
<maxVolumes>9999999</maxVolumes>
<minVolumes>0</minVolumes>
<normalForm>Third</normalForm>
<attributes itemClass="oracle.dbtools.crest.model.design.logical.Attribute">
<Attribute name="animal_typeid" id="02038B2A-D852-790C-B696-06554E640323">
<createdBy>zejiaheli</createdBy>
<createdTime>2023-09-13 12:04:34 UTC</createdTime>
<commentInRDBMS><![CDATA[animal type id]]></commentInRDBMS>
<ownerDesignName>pf_oraclemodel</ownerDesignName>
<engineerTo>
<item key="9769E430-2C68-EEC8-D3B4-633D0C59BA46" value="true"/>
</engineerTo>
<useDomainConstraints>false</useDomainConstraints>
<use>1</use>
<logicalDatatype>LOGDT019</logicalDatatype>
<dataTypeScale>100</dataTypeScale>
<ownDataTypeParameters>,,100</ownDataTypeParameters>
</Attribute>
<Attribute name="animal_typename" id="8ABF64B8-C08C-6D24-A61C-BFDF534093DA">
<createdBy>zejiaheli</createdBy>
<createdTime>2023-09-13 12:05:04 UTC</createdTime>
<commentInRDBMS><![CDATA[animal type name]]></commentInRDBMS>
<ownerDesignName>pf_oraclemodel</ownerDesignName>
<engineerTo>
<item key="9769E430-2C68-EEC8-D3B4-633D0C59BA46" value="true"/>
</engineerTo>
<useDomainConstraints>false</useDomainConstraints>
<use>1</use>
<logicalDatatype>LOGDT024</logicalDatatype>
<dataTypeSize>50 CHAR</dataTypeSize>
<ownDataTypeParameters>50 CHAR,,</ownDataTypeParameters>
</Attribute>
</attributes>
<identifiers itemClass="oracle.dbtools.crest.model.design.logical.CandidateKey">
<identifier id="9E3E8DDA-061D-81CE-6EAB-3CB876606EE4" name="Animal type PK">
<createdBy>zejiaheli</createdBy>
<createdTime>2023-09-13 12:04:57 UTC</createdTime>
<ownerDesignName>pf_oraclemodel</ownerDesignName>
<engineerTo>
<item key="9769E430-2C68-EEC8-D3B4-633D0C59BA46" value="true"/>
</engineerTo>
<pk>true</pk>
<usedAttributes>
<attributeRef>02038B2A-D852-790C-B696-06554E640323</attributeRef>
</usedAttributes>
</identifier>
<identifier id="40E86EA4-D35B-B84B-7833-29B6EAA4C887" name="Animal type NK">
<createdBy>Dazza</createdBy>
<createdTime>2023-09-13 13:37:43 UTC</createdTime>
<ownerDesignName>pf_oraclemodel</ownerDesignName>
<engineerTo>
<item key="9769E430-2C68-EEC8-D3B4-633D0C59BA46" value="true"/>
</engineerTo>
<newElementsIDs>02038B2A-D852-790C-B696-06554E640323</newElementsIDs>
<usedAttributes>
<attributeRef>02038B2A-D852-790C-B696-06554E640323</attributeRef>
</usedAttributes>
</identifier>
</identifiers>
</Entity>
