<?xml version = '1.0' encoding = 'UTF-8'?>
<Entity class="oracle.dbtools.crest.model.design.logical.Entity" directorySegmentName="seg_0" id="E4EE29D9-805C-1528-8BD1-6CFF5E1CEBC3" name="Owner">
<createdBy>zejiaheli</createdBy>
<createdTime>2023-09-13 08:20:49 UTC</createdTime>
<ownerDesignName>pf_oraclemodel</ownerDesignName>
<engineerTo>
<item key="9769E430-2C68-EEC8-D3B4-633D0C59BA46" value="true"/>
</engineerTo>
<adequatelyNormalized>NO</adequatelyNormalized>
<expectedVolumes>0</expectedVolumes>
<fwdEngineeringStrategyName>Single Table</fwdEngineeringStrategyName>
<growthPercent>0</growthPercent>
<growthType>Year</growthType>
<maxVolumes>9999999</maxVolumes>
<minVolumes>0</minVolumes>
<normalForm>Third</normalForm>
<attributes itemClass="oracle.dbtools.crest.model.design.logical.Attribute">
<Attribute name="owner_id" id="12361B1A-47E8-FB81-627B-0D385691C9DB">
<createdBy>zejiaheli</createdBy>
<createdTime>2023-09-13 08:21:00 UTC</createdTime>
<commentInRDBMS><![CDATA[owner id]]></commentInRDBMS>
<ownerDesignName>pf_oraclemodel</ownerDesignName>
<engineerTo>
<item key="9769E430-2C68-EEC8-D3B4-633D0C59BA46" value="true"/>
</engineerTo>
<useDomainConstraints>false</useDomainConstraints>
<use>1</use>
<logicalDatatype>LOGDT019</logicalDatatype>
<dataTypeScale>10</dataTypeScale>
<ownDataTypeParameters>,,10</ownDataTypeParameters>
</Attribute>
<Attribute name="owner_gname" id="9EC23CD1-BEC3-A487-6807-204FE7736DDD">
<createdBy>zejiaheli</createdBy>
<createdTime>2023-09-13 08:21:22 UTC</createdTime>
<commentInRDBMS><![CDATA[owner's given name]]></commentInRDBMS>
<ownerDesignName>pf_oraclemodel</ownerDesignName>
<engineerTo>
<item key="9769E430-2C68-EEC8-D3B4-633D0C59BA46" value="true"/>
</engineerTo>
<useDomainConstraints>false</useDomainConstraints>
<use>1</use>
<logicalDatatype>LOGDT024</logicalDatatype>
<dataTypeSize>50 CHAR</dataTypeSize>
<ownDataTypeParameters>50 CHAR,,</ownDataTypeParameters>
</Attribute>
<Attribute name="owner_fname" id="8C33CE41-833C-208A-D870-6EA5CD70F986">
<createdBy>zejiaheli</createdBy>
<createdTime>2023-09-13 08:21:48 UTC</createdTime>
<commentInRDBMS><![CDATA[owner's family name]]></commentInRDBMS>
<ownerDesignName>pf_oraclemodel</ownerDesignName>
<engineerTo>
<item key="9769E430-2C68-EEC8-D3B4-633D0C59BA46" value="true"/>
</engineerTo>
<useDomainConstraints>false</useDomainConstraints>
<use>1</use>
<logicalDatatype>LOGDT024</logicalDatatype>
<dataTypeSize>50 CHAR</dataTypeSize>
<ownDataTypeParameters>50 CHAR,,</ownDataTypeParameters>
</Attribute>
<Attribute name="owner_phone" id="F5FEE608-C01F-00CE-ED76-BC1AB6FF0834">
<createdBy>zejiaheli</createdBy>
<createdTime>2023-09-13 08:22:26 UTC</createdTime>
<commentInRDBMS><![CDATA[owner's phone number]]></commentInRDBMS>
<ownerDesignName>pf_oraclemodel</ownerDesignName>
<engineerTo>
<item key="9769E430-2C68-EEC8-D3B4-633D0C59BA46" value="true"/>
</engineerTo>
<useDomainConstraints>false</useDomainConstraints>
<use>1</use>
<logicalDatatype>LOGDT019</logicalDatatype>
<dataTypeScale>10</dataTypeScale>
<ownDataTypeParameters>,,10</ownDataTypeParameters>
</Attribute>
</attributes>
<identifiers itemClass="oracle.dbtools.crest.model.design.logical.CandidateKey">
<identifier id="FCB4C9DB-3A8D-5341-49A3-671F1EDBAAD7" name="Owner PK">
<createdBy>zejiaheli</createdBy>
<createdTime>2023-09-13 08:21:01 UTC</createdTime>
<ownerDesignName>pf_oraclemodel</ownerDesignName>
<engineerTo>
<item key="9769E430-2C68-EEC8-D3B4-633D0C59BA46" value="true"/>
</engineerTo>
<pk>true</pk>
<usedAttributes>
<attributeRef>12361B1A-47E8-FB81-627B-0D385691C9DB</attributeRef>
</usedAttributes>
</identifier>
</identifiers>
</Entity>
