<?xml version = '1.0' encoding = 'UTF-8'?>
<Entity class="oracle.dbtools.crest.model.design.logical.Entity" directorySegmentName="seg_0" id="EB8E6C66-C4E5-EAE0-42D4-D05DFFFAF87F" name="Prescription">
<createdBy>zejiaheli</createdBy>
<createdTime>2023-09-13 08:23:13 UTC</createdTime>
<ownerDesignName>pf_oraclemodel</ownerDesignName>
<engineerTo>
<item key="9769E430-2C68-EEC8-D3B4-633D0C59BA46" value="true"/>
</engineerTo>
<adequatelyNormalized>NO</adequatelyNormalized>
<expectedVolumes>0</expectedVolumes>
<fwdEngineeringStrategyName>Single Table</fwdEngineeringStrategyName>
<growthPercent>0</growthPercent>
<growthType>Year</growthType>
<maxVolumes>9999999</maxVolumes>
<minVolumes>0</minVolumes>
<normalForm>Third</normalForm>
<attributes itemClass="oracle.dbtools.crest.model.design.logical.Attribute">
<Attribute name="prsc_dose" id="24A36E2C-7B4D-B276-EB3C-5BEE7F8065E9">
<createdBy>zejiaheli</createdBy>
<createdTime>2023-09-13 08:23:20 UTC</createdTime>
<commentInRDBMS><![CDATA[advice dose of drug]]></commentInRDBMS>
<ownerDesignName>pf_oraclemodel</ownerDesignName>
<engineerTo>
<item key="9769E430-2C68-EEC8-D3B4-633D0C59BA46" value="true"/>
</engineerTo>
<useDomainConstraints>false</useDomainConstraints>
<use>1</use>
<logicalDatatype>LOGDT024</logicalDatatype>
<dataTypeSize>50 CHAR</dataTypeSize>
<ownDataTypeParameters>50 CHAR,,</ownDataTypeParameters>
</Attribute>
<Attribute name="prsc_freq" id="1B044E93-6459-ED30-8B3C-858662E1E7B1">
<createdBy>zejiaheli</createdBy>
<createdTime>2023-09-13 11:35:47 UTC</createdTime>
<commentInRDBMS><![CDATA[advice frequency of drug]]></commentInRDBMS>
<ownerDesignName>pf_oraclemodel</ownerDesignName>
<engineerTo>
<item key="9769E430-2C68-EEC8-D3B4-633D0C59BA46" value="true"/>
</engineerTo>
<useDomainConstraints>false</useDomainConstraints>
<use>1</use>
<logicalDatatype>LOGDT024</logicalDatatype>
<dataTypeSize>50 CHAR</dataTypeSize>
<ownDataTypeParameters>50 CHAR,,</ownDataTypeParameters>
</Attribute>
<Attribute name="pet_id" id="32BBE25E-5318-FA49-5D30-FA94F8CE8BAE">
<createdBy>ariar</createdBy>
<createdTime>2023-09-13 12:42:47 UTC</createdTime>
<commentInRDBMS><![CDATA[pet id]]></commentInRDBMS>
<generatorID>74880C0D-DA6F-F46E-19CA-874F873CF6B9</generatorID>
<ownerDesignName>pf_oraclemodel</ownerDesignName>
<engineerTo>
<item key="9769E430-2C68-EEC8-D3B4-633D0C59BA46" value="true"/>
</engineerTo>
<referedAttribute>5F747B93-242C-F02C-B729-DDF2828CF879</referedAttribute>
<useDomainConstraints>false</useDomainConstraints>
<use>1</use>
<logicalDatatype>LOGDT019</logicalDatatype>
<dataTypeScale>10</dataTypeScale>
<ownDataTypeParameters>,,10</ownDataTypeParameters>
</Attribute>
<Attribute name="visit_dateandtime" id="5F69B05F-D2F5-8D43-B876-D3D0A64F42CA">
<createdBy>ariar</createdBy>
<createdTime>2023-09-13 12:43:18 UTC</createdTime>
<commentInRDBMS><![CDATA[visit date and time]]></commentInRDBMS>
<generatorID>74880C0D-DA6F-F46E-19CA-874F873CF6B9</generatorID>
<ownerDesignName>pf_oraclemodel</ownerDesignName>
<engineerTo>
<item key="9769E430-2C68-EEC8-D3B4-633D0C59BA46" value="true"/>
</engineerTo>
<referedAttribute>82958ED8-0513-3F17-DD0A-553835367F97</referedAttribute>
<useDomainConstraints>false</useDomainConstraints>
<use>1</use>
<logicalDatatype>LOGDT007</logicalDatatype>
<ownDataTypeParameters>,,</ownDataTypeParameters>
</Attribute>
</attributes>
<identifiers itemClass="oracle.dbtools.crest.model.design.logical.CandidateKey">
<identifier id="960998E3-93F4-A074-972A-A5EC84365D5C" name="Prescription PK">
<createdBy>ariar</createdBy>
<createdTime>2023-09-13 12:43:52 UTC</createdTime>
<ownerDesignName>pf_oraclemodel</ownerDesignName>
<engineerTo>
<item key="9769E430-2C68-EEC8-D3B4-633D0C59BA46" value="true"/>
</engineerTo>
<pk>true</pk>
<usedAttributes>
<attributeRef>32BBE25E-5318-FA49-5D30-FA94F8CE8BAE</attributeRef>
<attributeRef>5F69B05F-D2F5-8D43-B876-D3D0A64F42CA</attributeRef>
</usedAttributes>
</identifier>
</identifiers>
</Entity>
