<?xml version = '1.0' encoding = 'UTF-8'?>
<FKIndexAssociation class="oracle.dbtools.crest.model.design.relational.FKIndexAssociation" directorySegmentName="seg_0" id="33ED2DDC-E814-8556-AF97-FF747877596C" containerWithKeyObject="6FC07FF6-79BF-8B31-9B1B-4DBA44BEE307" localFKIndex="E4A06BBF-5003-4054-939A-DB1C4819213F" name="vet_visit">
<createdBy>Dazza</createdBy>
<createdTime>2023-09-13 14:06:07 UTC</createdTime>
<generatorID>E12804AC-0AFF-5BEC-F517-62EE54939A86</generatorID>
<ownerDesignName>pf_oraclemodel</ownerDesignName>
<referredTableLongName>Vet</referredTableLongName>
<deleteRule>NO ACTION</deleteRule>
<referredTableID>95DB344D-F5CF-90C8-FB79-326DA60976CA</referredTableID>
<keyObject>E563428A-1543-47D6-C149-CB0AFB13F7D0</keyObject>
<referredKeyID>E563428A-1543-47D6-C149-CB0AFB13F7D0</referredKeyID>
<mandatory>true</mandatory>
<refColNames>vet_id</refColNames>
<transferable>true</transferable>
<rely>false</rely>
<columnDependencyConstraintGenerateInDDL>true</columnDependencyConstraintGenerateInDDL>
</FKIndexAssociation>
