<?xml version = '1.0' encoding = 'UTF-8'?>
<FKIndexAssociation class="oracle.dbtools.crest.model.design.relational.FKIndexAssociation" directorySegmentName="seg_0" id="44406BDE-EED8-6BD8-5CD9-9BFD21C3D2A9" containerWithKeyObject="2A0A8A9A-4DB2-9E29-8E77-431E664BF399" localFKIndex="25A87E67-76B5-85CC-5D41-E93CAA2D415A" name="invoice_service">
<createdBy>Dazza</createdBy>
<createdTime>2023-09-13 14:06:07 UTC</createdTime>
<generatorID>123EDA4F-9682-42AD-99D1-4410AD267315</generatorID>
<ownerDesignName>pf_oraclemodel</ownerDesignName>
<referredTableLongName>Invoice</referredTableLongName>
<deleteRule>NO ACTION</deleteRule>
<referredTableID>715C20BB-2859-9AA2-1414-97B81CACF0E5</referredTableID>
<keyObject>7B0D0714-D807-396E-B913-C593243C1206</keyObject>
<referredKeyID>7B0D0714-D807-396E-B913-C593243C1206</referredKeyID>
<mandatory>true</mandatory>
<refColNames>Invoice_ID</refColNames>
<transferable>true</transferable>
<rely>false</rely>
<columnDependencyConstraintGenerateInDDL>true</columnDependencyConstraintGenerateInDDL>
</FKIndexAssociation>
