<?xml version = '1.0' encoding = 'UTF-8'?>
<FKIndexAssociation class="oracle.dbtools.crest.model.design.relational.FKIndexAssociation" directorySegmentName="seg_0" id="4E61367A-1005-6862-519B-C3FC57C38800" containerWithKeyObject="87D55FE3-E680-9E6E-CC9D-8402DB625AB9" localFKIndex="12687957-A509-7219-CC38-86E3B8B1A5B2" name="trn_trnstatus">
<createdBy>Dazza</createdBy>
<createdTime>2023-09-13 14:06:07 UTC</createdTime>
<generatorID>8F1E0893-A0FD-63A7-4493-2A750FAD1019</generatorID>
<ownerDesignName>pf_oraclemodel</ownerDesignName>
<referredTableLongName>Training</referredTableLongName>
<deleteRule>NO ACTION</deleteRule>
<referredTableID>CB1F020F-4574-3641-5AFD-B6A0CB2C9215</referredTableID>
<keyObject>2F7342CA-2205-710F-BCE4-C9E9B051154D</keyObject>
<referredKeyID>2F7342CA-2205-710F-BCE4-C9E9B051154D</referredKeyID>
<mandatory>true</mandatory>
<refColNames>trn_id</refColNames>
<transferable>true</transferable>
<rely>false</rely>
<columnDependencyConstraintGenerateInDDL>true</columnDependencyConstraintGenerateInDDL>
</FKIndexAssociation>
