<?xml version = '1.0' encoding = 'UTF-8'?>
<FKIndexAssociation class="oracle.dbtools.crest.model.design.relational.FKIndexAssociation" directorySegmentName="seg_0" id="7AA235E3-849C-C624-CF03-6DC197A95154" containerWithKeyObject="87D55FE3-E680-9E6E-CC9D-8402DB625AB9" localFKIndex="BFFA2FBE-6A28-84C8-E893-36093AD3C2DE" name="Relation_12">
<createdBy>Dazza</createdBy>
<createdTime>2023-09-13 14:06:07 UTC</createdTime>
<generatorID>DF769591-0E4A-CDAC-8749-056FA0041BE2</generatorID>
<ownerDesignName>pf_oraclemodel</ownerDesignName>
<referredTableLongName>Vet</referredTableLongName>
<deleteRule>NO ACTION</deleteRule>
<referredTableID>95DB344D-F5CF-90C8-FB79-326DA60976CA</referredTableID>
<keyObject>E563428A-1543-47D6-C149-CB0AFB13F7D0</keyObject>
<referredKeyID>E563428A-1543-47D6-C149-CB0AFB13F7D0</referredKeyID>
<mandatory>true</mandatory>
<refColNames>vet_id</refColNames>
<transferable>true</transferable>
<rely>false</rely>
<columnDependencyConstraintGenerateInDDL>true</columnDependencyConstraintGenerateInDDL>
</FKIndexAssociation>
