<?xml version = '1.0' encoding = 'UTF-8'?>
<Diagram class="oracle.dbtools.crest.swingui.logical.DPVLogical" name="Logical" id="645950B1-65E6-F64D-37AB-E360BA0C3F93">
<createdBy>Daniel Zalewski, Aria Rana Mora, Zejiahe Li </createdBy>
<modifiedBy>Daniel Zalewski, Aria Rana Mora, Zejiahe Li </modifiedBy>
<createdTime>2023-09-13 07:04:07 UTC</createdTime>
<autoRoute>false</autoRoute>
<boxInbox>true</boxInbox>
<showLegend>true</showLegend>
<showLabels>true</showLabels>
<showRelAttributes>false</showRelAttributes>
<gridEnabled>false</gridEnabled>
<showGrid>true</showGrid>
<diagramColor>-1</diagramColor>
<legendPosX>11</legendPosX>
<legendPosY>13</legendPosY>
<display>false</display>
<notation>2</notation>
<showAllDetails>false</showAllDetails>
<showClassificationTypes>true</showClassificationTypes>
<showElements>true</showElements>
<objectViews>
<OView class="oracle.dbtools.crest.swingui.logical.TVEntity" oid="045E7F94-7C22-338B-97A7-88585347E8AE" otype="Entity" vid="06D93068-75FE-D996-E8A7-4F89B9EE0209">
<hideElementsInCurrentOnly>false</hideElementsInCurrentOnly>
<bounds x="293" y="933" width="150" height="117"/>
</OView>
<OView class="oracle.dbtools.crest.swingui.logical.TVEntity" oid="2A6FFC52-31C7-5F46-B390-CA58C4447FC1" otype="Entity" vid="AF86BD07-63CD-C544-96AD-4FA8609329AA">
<hideElementsInCurrentOnly>false</hideElementsInCurrentOnly>
<bounds x="135" y="627" width="208" height="141"/>
</OView>
<OView class="oracle.dbtools.crest.swingui.logical.TVEntity" oid="2D5E59CB-77A7-2D06-36E6-186F0B6A9A4B" otype="Entity" vid="060651FA-1198-CF79-F432-99E328C29BAD">
<hideElementsInCurrentOnly>false</hideElementsInCurrentOnly>
<bounds x="841" y="201" width="167" height="116"/>
</OView>
<OView class="oracle.dbtools.crest.swingui.logical.TVEntity" oid="60D49A1C-D579-4C8C-0437-56165BD40F7B" otype="Entity" vid="CAE9EA7C-2E10-49D5-9FD9-F0471684BE85">
<hideElementsInCurrentOnly>false</hideElementsInCurrentOnly>
<bounds x="792" y="871" width="119" height="156"/>
</OView>
<OView class="oracle.dbtools.crest.swingui.TVLegend" oid="621C5552-149E-33C7-DFEB-485EB200DC41" otype="Legend" vid="BDC1453B-CF8A-2EF5-BF24-F2C347453C8C">
<hideElementsInCurrentOnly>false</hideElementsInCurrentOnly>
<bounds x="11" y="13" width="302" height="135"/>
<useDefaultColor>false</useDefaultColor>
<backgroundColor>-1</backgroundColor>
<foregroundColor>-16777216</foregroundColor>
</OView>
<OView class="oracle.dbtools.crest.swingui.logical.TVEntity" oid="6E045CDD-FCFB-FEB8-6BB4-E194764784AF" otype="Entity" vid="356FC6B8-2472-8E6A-835D-F47A576480DE">
<hideElementsInCurrentOnly>false</hideElementsInCurrentOnly>
<bounds x="763" y="618" width="153" height="137"/>
</OView>
<OView class="oracle.dbtools.crest.swingui.logical.TVEntity" oid="7047A1F3-8DE7-A424-DDEE-8AD3EBB4C388" otype="Entity" vid="FAF04FF1-F021-7174-9448-040187278F2D">
<hideElementsInCurrentOnly>false</hideElementsInCurrentOnly>
<bounds x="1045" y="338" width="191" height="117"/>
</OView>
<OView class="oracle.dbtools.crest.swingui.logical.TVEntity" oid="73ECDFD9-D8B8-18C2-7ECA-0131A91C6A2A" otype="Entity" vid="51111F50-B710-BB48-DE7D-69D526D65808">
<hideElementsInCurrentOnly>false</hideElementsInCurrentOnly>
<bounds x="548" y="1015" width="166" height="147"/>
</OView>
<OView class="oracle.dbtools.crest.swingui.logical.TVEntity" oid="79E269A3-33E6-A377-89DC-33D1582268B1" otype="Entity" vid="4E9FC3B8-DB40-8798-D301-21D2EB549627">
<hideElementsInCurrentOnly>false</hideElementsInCurrentOnly>
<bounds x="505" y="636" width="140" height="118"/>
</OView>
<OView class="oracle.dbtools.crest.swingui.logical.TVEntity" oid="8158AE6D-8989-A7E3-149E-9108550F0F82" otype="Entity" vid="EC58A1B6-CB92-CEDA-A805-71273D0764AC">
<hideElementsInCurrentOnly>false</hideElementsInCurrentOnly>
<bounds x="488" y="242" width="207" height="119"/>
</OView>
<OView class="oracle.dbtools.crest.swingui.logical.TVEntity" oid="B2B8BDDA-956D-0D3E-DE89-7D988336BB6C" otype="Entity" vid="FCC65E4E-9890-1D53-A352-C618BF437C5D">
<hideElementsInCurrentOnly>false</hideElementsInCurrentOnly>
<bounds x="1078" y="893" width="144" height="116"/>
</OView>
<OView class="oracle.dbtools.crest.swingui.logical.TVEntity" oid="E4EE29D9-805C-1528-8BD1-6CFF5E1CEBC3" otype="Entity" vid="522D09B1-B040-104E-0BD4-19495E422B40">
<hideElementsInCurrentOnly>false</hideElementsInCurrentOnly>
<bounds x="782" y="1134" width="122" height="135"/>
</OView>
<OView class="oracle.dbtools.crest.swingui.logical.TVEntity" oid="EB8E6C66-C4E5-EAE0-42D4-D05DFFFAF87F" otype="Entity" vid="D23B8A04-3E89-F89A-D846-5598BA2A61F5">
<hideElementsInCurrentOnly>false</hideElementsInCurrentOnly>
<bounds x="1081" y="619" width="165" height="120"/>
</OView>
<OView class="oracle.dbtools.crest.swingui.logical.TVEntity" oid="F729A65C-DD48-23FF-735D-D4A63EC989E8" otype="Entity" vid="7BD0DDBF-70C4-4FF2-0828-88749F89E1C3">
<hideElementsInCurrentOnly>false</hideElementsInCurrentOnly>
<bounds x="317" y="1224" width="142" height="114"/>
</OView>
<OView class="oracle.dbtools.crest.swingui.logical.TVEntity" oid="FC39DB7B-F9CF-402E-0200-08074509B002" otype="Entity" vid="DBDD1CEE-4C15-DDF2-330C-CA99F30F2D9C">
<hideElementsInCurrentOnly>false</hideElementsInCurrentOnly>
<bounds x="71" y="1108" width="173" height="127"/>
</OView>
</objectViews>
<connectors>
<Connector class="oracle.dbtools.crest.swingui.logical.TVRelation" oid="123EDA4F-9682-42AD-99D1-4410AD267315" otype="Relation" vid_source="EC58A1B6-CB92-CEDA-A805-71273D0764AC" vid_target="060651FA-1198-CF79-F432-99E328C29BAD">
<hideElementsInCurrentOnly>false</hideElementsInCurrentOnly>
<backgroundColor>-16777216</backgroundColor>
<lineWidth>1</lineWidth>
<sourceLabel class="oracle.dbtools.crest.model.design.Label">
<site>0</site>
<labelBounds x="705" y="236" width="55" height="30"/>
<noBackgroundColor>true</noBackgroundColor>
<noForegroundColor>true</noForegroundColor>
</sourceLabel>
<targetLabel class="oracle.dbtools.crest.model.design.Label">
<site>2</site>
<labelBounds x="817" y="269" width="18" height="30"/>
<noBackgroundColor>true</noBackgroundColor>
<noForegroundColor>true</noForegroundColor>
</targetLabel>
<points>
<point x="695" y="266"/>
<point x="707" y="266"/>
<point x="841" y="266"/>
</points>
</Connector>
<Connector class="oracle.dbtools.crest.swingui.logical.TVRelation" oid="1EC44F62-8BB4-1EF5-B93D-15D56A2BAECB" otype="Relation" vid_source="FAF04FF1-F021-7174-9448-040187278F2D" vid_target="D23B8A04-3E89-F89A-D846-5598BA2A61F5">
<hideElementsInCurrentOnly>false</hideElementsInCurrentOnly>
<backgroundColor>-16777216</backgroundColor>
<lineWidth>1</lineWidth>
<sourceLabel class="oracle.dbtools.crest.model.design.Label">
<site>0</site>
<labelBounds x="1158" y="491" width="55" height="30"/>
<noBackgroundColor>true</noBackgroundColor>
<noForegroundColor>true</noForegroundColor>
</sourceLabel>
<targetLabel class="oracle.dbtools.crest.model.design.Label">
<site>2</site>
<labelBounds x="1158" y="583" width="18" height="30"/>
<noBackgroundColor>true</noBackgroundColor>
<noForegroundColor>true</noForegroundColor>
</targetLabel>
<points>
<point x="1158" y="455"/>
<point x="1158" y="619"/>
</points>
</Connector>
<Connector class="oracle.dbtools.crest.swingui.logical.TVRelation" oid="272BA1BA-D4E5-9B01-BD77-BF568DD96222" otype="Relation" vid_source="CAE9EA7C-2E10-49D5-9FD9-F0471684BE85" vid_target="FCC65E4E-9890-1D53-A352-C618BF437C5D">
<hideElementsInCurrentOnly>false</hideElementsInCurrentOnly>
<backgroundColor>-16777216</backgroundColor>
<lineWidth>1</lineWidth>
<sourceLabel class="oracle.dbtools.crest.model.design.Label">
<site>0</site>
<labelBounds x="921" y="920" width="26" height="31"/>
<noBackgroundColor>true</noBackgroundColor>
<noForegroundColor>true</noForegroundColor>
</sourceLabel>
<targetLabel class="oracle.dbtools.crest.model.design.Label">
<site>2</site>
<labelBounds x="1054" y="954" width="18" height="31"/>
<noBackgroundColor>true</noBackgroundColor>
<noForegroundColor>true</noForegroundColor>
</targetLabel>
<points>
<point x="911" y="951"/>
<point x="1078" y="951"/>
</points>
</Connector>
<Connector class="oracle.dbtools.crest.swingui.logical.TVRelation" oid="4E872EEF-268F-7203-996B-A6385F4927A2" otype="Relation" vid_source="AF86BD07-63CD-C544-96AD-4FA8609329AA" vid_target="06D93068-75FE-D996-E8A7-4F89B9EE0209">
<hideElementsInCurrentOnly>false</hideElementsInCurrentOnly>
<backgroundColor>-16777216</backgroundColor>
<lineWidth>1</lineWidth>
<sourceLabel class="oracle.dbtools.crest.model.design.Label">
<site>0</site>
<labelBounds x="318" y="806" width="56" height="32"/>
<noBackgroundColor>true</noBackgroundColor>
<noForegroundColor>true</noForegroundColor>
</sourceLabel>
<targetLabel class="oracle.dbtools.crest.model.design.Label">
<site>2</site>
<labelBounds x="318" y="895" width="18" height="32"/>
<noBackgroundColor>true</noBackgroundColor>
<noForegroundColor>true</noForegroundColor>
</targetLabel>
<points>
<point x="318" y="768"/>
<point x="318" y="933"/>
</points>
</Connector>
<Connector class="oracle.dbtools.crest.swingui.logical.TVRelation" oid="64C4546F-2901-CB28-2F8E-95F3ACDC8D57" otype="Relation" vid_source="522D09B1-B040-104E-0BD4-19495E422B40" vid_target="CAE9EA7C-2E10-49D5-9FD9-F0471684BE85">
<hideElementsInCurrentOnly>false</hideElementsInCurrentOnly>
<backgroundColor>-16777216</backgroundColor>
<lineWidth>1</lineWidth>
<sourceLabel class="oracle.dbtools.crest.model.design.Label">
<site>0</site>
<labelBounds x="848" y="1096" width="38" height="32"/>
<noBackgroundColor>true</noBackgroundColor>
<noForegroundColor>true</noForegroundColor>
</sourceLabel>
<targetLabel class="oracle.dbtools.crest.model.design.Label">
<site>2</site>
<labelBounds x="848" y="1073" width="18" height="32"/>
<noBackgroundColor>true</noBackgroundColor>
<noForegroundColor>true</noForegroundColor>
</targetLabel>
<points>
<point x="848" y="1134"/>
<point x="848" y="1027"/>
</points>
</Connector>
<Connector class="oracle.dbtools.crest.swingui.logical.TVRelation" oid="74880C0D-DA6F-F46E-19CA-874F873CF6B9" otype="Relation" vid_source="356FC6B8-2472-8E6A-835D-F47A576480DE" vid_target="D23B8A04-3E89-F89A-D846-5598BA2A61F5">
<hideElementsInCurrentOnly>false</hideElementsInCurrentOnly>
<backgroundColor>-16777216</backgroundColor>
<lineWidth>1</lineWidth>
<sourceLabel class="oracle.dbtools.crest.model.design.Label">
<site>0</site>
<labelBounds x="926" y="649" width="62" height="30"/>
<noBackgroundColor>true</noBackgroundColor>
<noForegroundColor>true</noForegroundColor>
</sourceLabel>
<targetLabel class="oracle.dbtools.crest.model.design.Label">
<site>2</site>
<labelBounds x="1056" y="682" width="19" height="32"/>
<noBackgroundColor>true</noBackgroundColor>
<noForegroundColor>true</noForegroundColor>
</targetLabel>
<points>
<point x="916" y="679"/>
<point x="1081" y="679"/>
</points>
</Connector>
<Connector class="oracle.dbtools.crest.swingui.logical.TVRelation" oid="75392477-1392-0896-51BC-EA67D97EA131" otype="Relation" vid_source="CAE9EA7C-2E10-49D5-9FD9-F0471684BE85" vid_target="356FC6B8-2472-8E6A-835D-F47A576480DE">
<hideElementsInCurrentOnly>false</hideElementsInCurrentOnly>
<backgroundColor>-16777216</backgroundColor>
<lineWidth>1</lineWidth>
<sourceLabel class="oracle.dbtools.crest.model.design.Label">
<site>0</site>
<labelBounds x="851" y="819" width="49" height="30"/>
<noBackgroundColor>true</noBackgroundColor>
<noForegroundColor>true</noForegroundColor>
</sourceLabel>
<targetLabel class="oracle.dbtools.crest.model.design.Label">
<site>2</site>
<labelBounds x="851" y="799" width="18" height="30"/>
<noBackgroundColor>true</noBackgroundColor>
<noForegroundColor>true</noForegroundColor>
</targetLabel>
<points>
<point x="851" y="871"/>
<point x="851" y="755"/>
</points>
</Connector>
<Connector class="oracle.dbtools.crest.swingui.logical.TVRelation" oid="8794866C-7597-3933-C464-D2D7DCF0890F" otype="Relation" vid_source="4E9FC3B8-DB40-8798-D301-21D2EB549627" vid_target="AF86BD07-63CD-C544-96AD-4FA8609329AA">
<hideElementsInCurrentOnly>false</hideElementsInCurrentOnly>
<backgroundColor>-16777216</backgroundColor>
<lineWidth>1</lineWidth>
<sourceLabel class="oracle.dbtools.crest.model.design.Label">
<site>0</site>
<labelBounds x="444" y="665" width="55" height="30"/>
<noBackgroundColor>true</noBackgroundColor>
<noForegroundColor>true</noForegroundColor>
</sourceLabel>
<targetLabel class="oracle.dbtools.crest.model.design.Label">
<site>2</site>
<labelBounds x="353" y="698" width="18" height="30"/>
<noBackgroundColor>true</noBackgroundColor>
<noForegroundColor>true</noForegroundColor>
</targetLabel>
<points>
<point x="505" y="695"/>
<point x="343" y="695"/>
</points>
</Connector>
<Connector class="oracle.dbtools.crest.swingui.logical.TVRelation" oid="8F1E0893-A0FD-63A7-4493-2A750FAD1019" otype="Relation" vid_source="51111F50-B710-BB48-DE7D-69D526D65808" vid_target="DBDD1CEE-4C15-DDF2-330C-CA99F30F2D9C">
<hideElementsInCurrentOnly>false</hideElementsInCurrentOnly>
<backgroundColor>-16777216</backgroundColor>
<lineWidth>1</lineWidth>
<sourceLabel class="oracle.dbtools.crest.model.design.Label">
<site>0</site>
<labelBounds x="485" y="1103" width="57" height="32"/>
<noBackgroundColor>true</noBackgroundColor>
<noForegroundColor>true</noForegroundColor>
</sourceLabel>
<targetLabel class="oracle.dbtools.crest.model.design.Label">
<site>2</site>
<labelBounds x="254" y="1138" width="18" height="32"/>
<noBackgroundColor>true</noBackgroundColor>
<noForegroundColor>true</noForegroundColor>
</targetLabel>
<points>
<point x="548" y="1135"/>
<point x="244" y="1135"/>
</points>
</Connector>
<Connector class="oracle.dbtools.crest.swingui.logical.TVRelation" oid="9D4EC25D-A0E3-47D2-D3D1-42ED8BC5608B" otype="Relation" vid_source="356FC6B8-2472-8E6A-835D-F47A576480DE" vid_target="EC58A1B6-CB92-CEDA-A805-71273D0764AC">
<hideElementsInCurrentOnly>false</hideElementsInCurrentOnly>
<backgroundColor>-16777216</backgroundColor>
<lineWidth>1</lineWidth>
<sourceLabel class="oracle.dbtools.crest.model.design.Label">
<site>0</site>
<labelBounds x="819" y="561" width="57" height="35"/>
<noBackgroundColor>true</noBackgroundColor>
<noForegroundColor>true</noForegroundColor>
</sourceLabel>
<targetLabel class="oracle.dbtools.crest.model.design.Label">
<site>2</site>
<labelBounds x="705" y="323" width="18" height="32"/>
<noBackgroundColor>true</noBackgroundColor>
<noForegroundColor>true</noForegroundColor>
</targetLabel>
<points>
<point x="819" y="618"/>
<point x="819" y="320"/>
<point x="695" y="320"/>
</points>
</Connector>
<Connector class="oracle.dbtools.crest.swingui.logical.TVRelation" oid="A0DE69E7-8EFA-30A3-F9BC-98E06931D7EA" otype="Relation" vid_source="FAF04FF1-F021-7174-9448-040187278F2D" vid_target="060651FA-1198-CF79-F432-99E328C29BAD">
<hideElementsInCurrentOnly>false</hideElementsInCurrentOnly>
<backgroundColor>-16777216</backgroundColor>
<lineWidth>1</lineWidth>
<sourceLabel class="oracle.dbtools.crest.model.design.Label">
<site>0</site>
<labelBounds x="1134" y="294" width="58" height="30"/>
<noBackgroundColor>true</noBackgroundColor>
<noForegroundColor>true</noForegroundColor>
</sourceLabel>
<targetLabel class="oracle.dbtools.crest.model.design.Label">
<site>2</site>
<labelBounds x="1018" y="263" width="18" height="31"/>
<noBackgroundColor>true</noBackgroundColor>
<noForegroundColor>true</noForegroundColor>
</targetLabel>
<points>
<point x="1134" y="338"/>
<point x="1134" y="260"/>
<point x="1008" y="260"/>
</points>
</Connector>
<Connector class="oracle.dbtools.crest.swingui.logical.TVRelation" oid="A9FE32D0-D8F4-1431-80EE-27D1E41B681A" otype="Relation" vid_source="356FC6B8-2472-8E6A-835D-F47A576480DE" vid_target="FAF04FF1-F021-7174-9448-040187278F2D">
<hideElementsInCurrentOnly>false</hideElementsInCurrentOnly>
<backgroundColor>-16777216</backgroundColor>
<lineWidth>1</lineWidth>
<sourceLabel class="oracle.dbtools.crest.model.design.Label">
<site>0</site>
<labelBounds x="903" y="557" width="56" height="31"/>
<noBackgroundColor>true</noBackgroundColor>
<noForegroundColor>true</noForegroundColor>
</sourceLabel>
<targetLabel class="oracle.dbtools.crest.model.design.Label">
<site>2</site>
<labelBounds x="1022" y="424" width="17" height="32"/>
<noBackgroundColor>true</noBackgroundColor>
<noForegroundColor>true</noForegroundColor>
</targetLabel>
<points>
<point x="903" y="618"/>
<point x="903" y="421"/>
<point x="1045" y="421"/>
</points>
</Connector>
<Connector class="oracle.dbtools.crest.swingui.logical.TVRelation" oid="B1EB94FE-4B47-8603-F870-E9997F8F5546" otype="Relation" vid_source="4E9FC3B8-DB40-8798-D301-21D2EB549627" vid_target="51111F50-B710-BB48-DE7D-69D526D65808">
<hideElementsInCurrentOnly>false</hideElementsInCurrentOnly>
<backgroundColor>-16777216</backgroundColor>
<lineWidth>1</lineWidth>
<sourceLabel class="oracle.dbtools.crest.model.design.Label">
<site>0</site>
<labelBounds x="596" y="800" width="38" height="32"/>
<noBackgroundColor>true</noBackgroundColor>
<noForegroundColor>true</noForegroundColor>
</sourceLabel>
<targetLabel class="oracle.dbtools.crest.model.design.Label">
<site>2</site>
<labelBounds x="596" y="969" width="20" height="32"/>
<noBackgroundColor>true</noBackgroundColor>
<noForegroundColor>true</noForegroundColor>
</targetLabel>
<points>
<point x="596" y="754"/>
<point x="596" y="1015"/>
</points>
</Connector>
<Connector class="oracle.dbtools.crest.swingui.logical.TVRelation" oid="C7BDE7E5-52C2-80F3-0A15-E91985FF7405" otype="Relation" vid_source="4E9FC3B8-DB40-8798-D301-21D2EB549627" vid_target="356FC6B8-2472-8E6A-835D-F47A576480DE">
<hideElementsInCurrentOnly>false</hideElementsInCurrentOnly>
<backgroundColor>-16777216</backgroundColor>
<lineWidth>1</lineWidth>
<sourceLabel class="oracle.dbtools.crest.model.design.Label">
<site>0</site>
<labelBounds x="655" y="665" width="38" height="30"/>
<noBackgroundColor>true</noBackgroundColor>
<noForegroundColor>true</noForegroundColor>
</sourceLabel>
<targetLabel class="oracle.dbtools.crest.model.design.Label">
<site>2</site>
<labelBounds x="736" y="698" width="21" height="33"/>
<noBackgroundColor>true</noBackgroundColor>
<noForegroundColor>true</noForegroundColor>
</targetLabel>
<points>
<point x="645" y="695"/>
<point x="763" y="695"/>
</points>
</Connector>
<Connector class="oracle.dbtools.crest.swingui.logical.TVRelation" oid="DF769591-0E4A-CDAC-8749-056FA0041BE2" otype="Relation" vid_source="AF86BD07-63CD-C544-96AD-4FA8609329AA" vid_target="DBDD1CEE-4C15-DDF2-330C-CA99F30F2D9C">
<hideElementsInCurrentOnly>false</hideElementsInCurrentOnly>
<backgroundColor>-16777216</backgroundColor>
<lineWidth>1</lineWidth>
<sourceLabel class="oracle.dbtools.crest.model.design.Label">
<site>0</site>
<labelBounds x="189" y="822" width="47" height="32"/>
<noBackgroundColor>true</noBackgroundColor>
<noForegroundColor>true</noForegroundColor>
</sourceLabel>
<targetLabel class="oracle.dbtools.crest.model.design.Label">
<site>2</site>
<labelBounds x="189" y="1062" width="18" height="32"/>
<noBackgroundColor>true</noBackgroundColor>
<noForegroundColor>true</noForegroundColor>
</targetLabel>
<points>
<point x="189" y="768"/>
<point x="189" y="1108"/>
</points>
</Connector>
<Connector class="oracle.dbtools.crest.swingui.logical.TVRelation" oid="E12804AC-0AFF-5BEC-F517-62EE54939A86" otype="Relation" vid_source="AF86BD07-63CD-C544-96AD-4FA8609329AA" vid_target="356FC6B8-2472-8E6A-835D-F47A576480DE">
<hideElementsInCurrentOnly>false</hideElementsInCurrentOnly>
<backgroundColor>-16777216</backgroundColor>
<lineWidth>1</lineWidth>
<sourceLabel class="oracle.dbtools.crest.model.design.Label">
<site>0</site>
<labelBounds x="290" y="550" width="181" height="47"/>
<noBackgroundColor>true</noBackgroundColor>
<noForegroundColor>true</noForegroundColor>
</sourceLabel>
<targetLabel class="oracle.dbtools.crest.model.design.Label">
<site>2</site>
<labelBounds x="783" y="540" width="21" height="32"/>
<noBackgroundColor>true</noBackgroundColor>
<noForegroundColor>true</noForegroundColor>
</targetLabel>
<points>
<point x="290" y="627"/>
<point x="290" y="512"/>
<point x="783" y="514"/>
<point x="783" y="618"/>
</points>
</Connector>
<Connector class="oracle.dbtools.crest.swingui.logical.TVRelation" oid="ECC2550C-4A30-F099-E177-32EAEF250D76" otype="Relation" vid_source="356FC6B8-2472-8E6A-835D-F47A576480DE" vid_target="060651FA-1198-CF79-F432-99E328C29BAD">
<hideElementsInCurrentOnly>false</hideElementsInCurrentOnly>
<backgroundColor>-16777216</backgroundColor>
<lineWidth>1</lineWidth>
<sourceLabel class="oracle.dbtools.crest.model.design.Label">
<site>0</site>
<labelBounds x="878" y="534" width="54" height="30"/>
<noBackgroundColor>true</noBackgroundColor>
<noForegroundColor>true</noForegroundColor>
</sourceLabel>
<targetLabel class="oracle.dbtools.crest.model.design.Label">
<site>2</site>
<labelBounds x="878" y="369" width="18" height="30"/>
<noBackgroundColor>true</noBackgroundColor>
<noForegroundColor>true</noForegroundColor>
</targetLabel>
<points>
<point x="878" y="618"/>
<point x="878" y="317"/>
</points>
</Connector>
<Connector class="oracle.dbtools.crest.swingui.logical.TVRelation" oid="EF43D864-76B4-736B-5ACF-416CD5FA93AF" otype="Relation" vid_source="51111F50-B710-BB48-DE7D-69D526D65808" vid_target="7BD0DDBF-70C4-4FF2-0828-88749F89E1C3">
<hideElementsInCurrentOnly>false</hideElementsInCurrentOnly>
<backgroundColor>-16777216</backgroundColor>
<lineWidth>1</lineWidth>
<sourceLabel class="oracle.dbtools.crest.model.design.Label">
<site>0</site>
<labelBounds x="627" y="1238" width="54" height="30"/>
<noBackgroundColor>true</noBackgroundColor>
<noForegroundColor>true</noForegroundColor>
</sourceLabel>
<targetLabel class="oracle.dbtools.crest.model.design.Label">
<site>2</site>
<labelBounds x="469" y="1302" width="18" height="30"/>
<noBackgroundColor>true</noBackgroundColor>
<noForegroundColor>true</noForegroundColor>
</targetLabel>
<points>
<point x="627" y="1162"/>
<point x="627" y="1299"/>
<point x="459" y="1299"/>
</points>
</Connector>
<Connector class="oracle.dbtools.crest.swingui.logical.TVRelation" oid="F27CB5B5-2846-51AA-DC5E-ECFA0CCD6B6C" otype="Relation" vid_source="7BD0DDBF-70C4-4FF2-0828-88749F89E1C3" vid_target="06D93068-75FE-D996-E8A7-4F89B9EE0209">
<hideElementsInCurrentOnly>false</hideElementsInCurrentOnly>
<backgroundColor>-16777216</backgroundColor>
<lineWidth>1</lineWidth>
<sourceLabel class="oracle.dbtools.crest.model.design.Label">
<site>0</site>
<labelBounds x="395" y="1148" width="59" height="30"/>
<noBackgroundColor>true</noBackgroundColor>
<noForegroundColor>true</noForegroundColor>
</sourceLabel>
<targetLabel class="oracle.dbtools.crest.model.design.Label">
<site>2</site>
<labelBounds x="395" y="1102" width="17" height="34"/>
<noBackgroundColor>true</noBackgroundColor>
<noForegroundColor>true</noForegroundColor>
</targetLabel>
<points>
<point x="395" y="1224"/>
<point x="395" y="1050"/>
</points>
</Connector>
</connectors>
</Diagram>
